{
    "P7SDVXUZPK.com.etrade.mobileproiphone": [
        "etrade.com"
    ],
    "PPTA7G59L3.com.kpcu.architectmobile": [
        "kpcu.com"
    ],
    "KPSFBM8T3Z.com.optum.mobile.OptumBank": [
        "myuhc.com"
    ],
    "KPSFBM8T3Z.com.optumhealth.mobile.OptumRX": [
        "myuhc.com"
    ],
    "UF8VKHMLML.com.uhg.mobile.uhc": [
        "myuhc.com"
    ],
    "LJU5B5SR84.com.educationalccu.mobile": [
        "onlinebank.com"
    ],
    "T5W6CQA35T.com.fis.447iPhoneSUB": [
        "cit.com"
    ],
    "L6F2ZQ2MJV.com.metlife.us.business": [
        "access.online.metlife.com",
        "identity.metlife.com"
    ],
    "QDZLSW3Z22.com.leviton.home": [
        "leviton.com"
    ],
    "3976U676H6.com.allegion.sense.store": [
        "schlage.com"
    ],
    "G4K4BQ7S8J.com.backblaze.BzBackupBrowser": [
        "backblaze.com"
    ],
    "G4K4BQ7S8J.com.backblaze.bzdoinstall": [
        "backblaze.com"
    ],
    "G4K4BQ7S8J.com.backblaze.Backblaze": [
        "backblaze.com"
    ],
    "J983T9Z6T6.com.birdbuddy.app": [
        "mybirdbuddy.com"
    ],
    "M3Q8QUH343.com.getmysa.mysa": [
        "getmysa.com"
    ],
    "ZRZ3QJN79B.com.dyson.dysonlink": [
        "dyson.com"
    ],
    "com.backblaze.BackblazeDownloader": [
        "backblaze.com"
    ],
    "K65HQ235M5.org.sutterhealth.myhealthonline": [
        "sutterhealth.org"
    ],
    "T9984LC44E.com.whisker.ios": [
        "litter-robot.com"
    ],
    "K832E2UXV7.com.riotgames.mobile.leagueconnect": [
        "riotgames.com"
    ],
    "GN78YB727N.com.namecheap.iosapp": [
        "namecheap.com"
    ],
    "8MQ82YZW32.com.travefy.go": [
        "travefy.com"
    ],
    "39FN7MD5NR.com.elation.patientpassport": [
        "elationpassport.com"
    ],
    "XUD5XM3X2G.com.vail.EpicMix": [
        "epicpass.com"
    ],
    "UPS7472725.com.metrolinx.presto.ios.consumerapp": [
        "prestocard.ca"
    ],
    "PX369MG78T.com.dmdbrands.balancehealth": [
        "greatergoods.com"
    ],
    "498RNR3HN7.com.tdbank.iphoneapp": [
        "td.com",
        "tdbank.com"
    ],
    "U2MQ894Z4M.br.com.cinemark.iphone": [
        "cinemark.com.br"
    ],
    "2V2KHYTNSF.com.keybank.mobile": [
        "key.com"
    ],
    "X9QEPGS9DR.com.questrade.edgemobile": [
        "questrade.com"
    ],
    "X9QEPGS9DR.com.questrade.questmobile": [
        "questrade.com"
    ],
    "X9QEPGS9DR.com.questrade.fxglobal": [
        "questrade.com"
    ],
    "8TX3D8JQ7Q.com.yourcompany.GolCheckIn": [
        "b2c.voegol.com.br"
    ],
    "G9GQX52WL9.com.brighthorizons.app": [
        "familyapp.brighthorizons.co.uk"
    ],
    "3N57B8Z367.com.standard-life.MyPortfolio": [
        "standardlife.co.uk"
    ],
    "com.mojang.minecraftlauncher": [
        "microsoft.com",
        "live.com",
        "xbox.com"
    ],
    "R4W6XE43MN.com.toyota.OneApp": [
        "toyota.com"
    ],
    "NAN929V4UM.com.deepseek.chat": [
        "deepseek.com"
    ],
    "P675WD7PT4.com.brivo.pass": [
        "brivo.com"
    ],
    "3FD4YN665F.com.porterairlines.digital.mobile": [
        "flyporter.com"
    ],
    "A4VWQP4BG8.com.hertz.HertzDigital": [
        "hertz.com"
    ],
    "UD6PL4LQ92.com.gamestop.powerup": [
        "gamestop.com"
    ],
    "YL7ZB6XY59.com.roundarch.aviscarreservation": [
        "avis.com"
    ],
    "HYE5YGCXQ4.com.clippercard.mobile.clipper": [
        "clippercard.com"
    ],
    "X9L3SJ785L.com.fidelity.nbmobile": [
        "fidelity.com"
    ],
    "GLWUASLZVL.com.nextdish.app": [
        "nextdish.com"
    ],
    "6JSW4SJWN9.md.obsidian": [
        "obsidian.md"
    ],
    "WFJMR5RQ6M.com.renogy.DCHome": [
        "renogy.com"
    ],
    "537LM9MEDG.com.emirates.EKiPhone": [
        "emirates.com"
    ]
}
