{
    "11st.co.kr": "https://www.11st.co.kr/register/popupModifyPWD.tmall",
    "1800contacts.com": "https://www.1800contacts.com/account/settings",
    "247sports.com": "https://247sports.com/my/settings/password/",
    "500px.com": "https://web.500px.com/settings/account/security",
    "a2hosting.com": "https://my.hosting.com/profile/security",
    "aa.com": "https://www.aa.com/loyalty/profile/information",
    "aarp.org": "https://secure.aarp.org/account/editaccount?request_locale=en&nu=t",
    "account.magento.com": "https://account.magento.com/customer/account/changepassword",
    "account.publishing.service.gov.uk": "https://www.account.publishing.service.gov.uk/account/edit/password",
    "accounts.panic.com": "https://accounts.panic.com/password_set",
    "accounts.pcid.ca": "https://accounts.pcid.ca/forgot-password",
    "acehardware.com": "https://www.acehardware.com/myaccount#settings",
    "acorns.com": "https://app.acorns.com/settings/change-password",
    "adafruit.com": "https://accounts.adafruit.com/settings/password",
    "adobe.com": "https://account.adobe.com/security",
    "adultfriendfinder.com": "https://adultfriendfinder.com/p/update.cgi?p=my_account_update_account_password",
    "ae.com": "https://www.ae.com/myaccount",
    "aeon.co.jp": "https://www.aeon.co.jp/app/settings/profile/password/",
    "aerlingus.com": "https://www.aerlingus.com/html/user-profile.html",
    "aesop.com": "https://www.aesop.com/my-account",
    "airnewzealand.com": "https://www.airnewzealand.com/membership/profile/security/password",
    "alaskaair.com": "https://www.alaskaair.com/www2/ssl/myalaskaair/myalaskaair.aspx?view=myinformation&tab=email",
    "aliexpress.com": "https://login.aliexpress.com/",
    "allegro.pl": "https://allegro.pl/moje-allegro/moje-konto/logowanie-i-haslo",
    "alliantcreditunion.com": "https://www.alliantcreditunion.com/OnlineBanking/Settings/AccessAndSecurity/ChangePassword.aspx",
    "allianz.com.br": "https://www.allianz.com.br/alteracao-de-password-ecliente",
    "allrecipes.com": "https://www.allrecipes.com/account/profile#/change-password",
    "alternate.de": "https://www.alternate.de/html/myAccount/account/basicData.html",
    "amazon.ae": "https://www.amazon.ae/ax/account/manage",
    "amazon.ca": "https://www.amazon.ca/ax/account/manage",
    "amazon.co.jp": "https://www.amazon.co.jp/ax/account/manage",
    "amazon.co.uk": "https://www.amazon.co.uk/ax/account/manage",
    "amazon.com": "https://www.amazon.com/ax/account/manage",
    "amazon.com.au": "https://www.amazon.com.au/ax/account/manage",
    "amazon.com.br": "https://www.amazon.com.br/ax/account/manage",
    "amazon.com.mx": "https://www.amazon.com.mx/ax/account/manage",
    "amazon.com.tr": "https://www.amazon.com.tr/ax/account/manage",
    "amazon.de": "https://www.amazon.de/ax/account/manage",
    "amazon.es": "https://www.amazon.es/ax/account/manage",
    "amazon.fr": "https://www.amazon.fr/ax/account/manage",
    "amazon.in": "https://www.amazon.in/ax/account/manage",
    "amazon.it": "https://www.amazon.it/ax/account/manage",
    "amazon.nl": "https://www.amazon.nl/ax/account/manage",
    "amazon.pl": "https://www.amazon.pl/ax/account/manage",
    "amazon.sa": "https://www.amazon.sa/ax/account/manage",
    "amazon.se": "https://www.amazon.se/ax/account/manage",
    "amazon.sg": "https://www.amazon.sg/ax/account/manage",
    "amctheatres.com": "https://www.amctheatres.com/amcstubs/account",
    "americanexpress.com": "https://www.americanexpress.com/en-us/account/password/reset",
    "ana.co.jp": "https://cam.ana.co.jp/psz/us/amc_us.jsp?index=105",
    "anatel.gov.br": "https://apps.anatel.gov.br/AnatelConsumidor/ConsumidorEditar.aspx",
    "ancestry.com": "https://www.ancestry.com/account/security/password",
    "aol.com": "https://login.aol.com/account/change-password",
    "apartments.com": "https://www.apartments.com/my-account/#",
    "api.id.me": "https://account.id.me/signin/password",
    "app.link": "https://dashboard.branch.io/account-settings/user",
    "app.parkmobile.io": "https://app.parkmobile.io/account/settings",
    "apple.com": "https://appleid.apple.com/account/manage",
    "archive.org": "https://archive.org/account/index.php?settings=1",
    "arlt.com": "https://www.arlt.com/mein-passwort/",
    "arxiv.org": "https://arxiv.org/user/change_own_password",
    "astonmartinf1.com": "https://auth.astonmartinf1.com/Dashboard/ChangePassword",
    "atlassian.com": "https://id.atlassian.com/manage-profile/security",
    "atlassian.net": "https://id.atlassian.com/manage-profile/security",
    "att.com": "https://www.att.com/acctmgmt/profile/overview",
    "att.net": "https://www.att.com/acctmgmt/profile/overview",
    "attn.tv": "https://ui.attentivemobile.com/forgot-password",
    "auction.co.kr": "https://memberssl.auction.co.kr/membership/MyInfo/MyInfo.aspx",
    "auctionzip.com": "https://www.auctionzip.com/cgi-bin/userpanel.cgi?mode=3",
    "autodesk.com": "https://accounts.autodesk.com/Profile/Security",
    "b2c.voegol.com.br": "https://b2c.voegol.com.br/minhas-viagens/meu-perfil",
    "bamboohr.com": "https://employeewe.bamboohr.com/dashboard/password.php",
    "bancochile.cl": "https://portalpersonas.bancochile.cl/mibancochile-web/front/persona/index.html#/mi-perfil/datos-seguridad",
    "bandcamp.com": "https://bandcamp.com/settings#password",
    "bankofamerica.com": "https://secure.bankofamerica.com/auth/security-center/main/?activity=changePasscode",
    "bathandbodyworks.com": "https://www.bathandbodyworks.com/my-account/edit-profile",
    "bbq-grill-world.de": "https://www.bbq-grill-world.de/customer/account/edit/changepass/1/",
    "bedbathandbeyond.com": "https://www.bedbathandbeyond.com/store/account/personalinfo",
    "belk.com": "https://www.belk.com/account-edit-profile/",
    "benefitslogin.discoverybenefits.com": "https://benefitslogin.discoverybenefits.com/Profile/UpdatePassword.aspx",
    "berlet.de": "https://www.berlet.de/mein-konto.htm#my-account--edit-pass",
    "bestbuy.com": "https://www.bestbuy.com/identity/accountSettings/page/password",
    "biblegateway.com": "https://www.biblegateway.com/user/account/",
    "birkenstock.com": "https://www.birkenstock.com/profile",
    "blackwells.co.uk": "https://blackwells.co.uk/bookshop/account/personal-details",
    "blend.io": "https://blend.io/settings",
    "blockchain.com": "https://login.blockchain.com/en/#/security-center/advanced",
    "bloomberg.com": "https://www.bloomberg.com/portal/account",
    "blutdruck-shop.de": "https://www.blutdruck-shop.de/mein-passwort/",
    "booking.com": "https://account.booking.com/account-recovery",
    "boredpanda.com": "https://www.boredpanda.com/settings/",
    "browserstack.com": "https://www.browserstack.com/accounts/profile",
    "bugzilla.kernel.org": "https://bugzilla.kernel.org/userprefs.cgi?tab=account",
    "businessinsider.com": "https://www.businessinsider.com/#",
    "buzzfeed.com": "https://www.buzzfeed.com/settings/password/change",
    "cakeresume.com": "https://www.cakeresume.com/settings/account?ref=navs_settings",
    "callofduty.com": "https://profile.callofduty.com/cod/info",
    "candyrect.com": "https://user.candyrect.com/helpcenter/",
    "canva.com": "https://www.canva.com/login?redirect=%2Fsettings%2Flogin-and-security",
    "capitalone.com": "https://myaccounts.capitalone.com/Security/changePassword",
    "cargurus.com": "https://www.cargurus.com/Cars/myAccount#/accountSettings",
    "carnival.com": "https://www.carnival.com/profilemanagement/profiles/changepassword",
    "cars.com": "https://www.cars.com/reset_password",
    "carta.com": "https://app.carta.com/profiles/update/",
    "cbsnews.com": "https://www.cbsnews.com/user/change-password/",
    "cbssports.com": "https://www.cbssports.com/settings/account",
    "cecredentialtrust.com": "https://secure.cecredentialtrust.com/account/editpassword/",
    "censys.io": "https://censys.io/account",
    "change.org": "https://www.change.org/account_settings/change_password",
    "chapmanganato.com": "https://user.manganelo.com/user_changes_pass",
    "chase.com": "https://secure07ea.chase.com/web/auth/dashboard#/dashboard/myProfileSignInSecurity/resetPassword/resetPassword",
    "chaturbate.com": "https://chaturbate.com/auth/password_change/",
    "chegg.com": "https://www.chegg.com/my/account-next",
    "chess.com": "https://www.chess.com/settings/password",
    "chewy.com": "https://www.chewy.com/app/resetpassword",
    "churchofjesuschrist.org": "https://account.churchofjesuschrist.org/changePassword",
    "cinemark.com.br": "https://www.cinemark.com.br/minha-conta",
    "citi.com": "https://online.citi.com/US/ag/profile-update/change-password",
    "claro.com.br": "https://minhanet.net.com.br/webcenter/portal/MinhaNet/pages_alterarsenha",
    "clevelandclinic.org": "https://mychart.clevelandclinic.org/inside.asp?mode=passwd",
    "clien.net": "https://www.clien.net/service/mypage/myInfoComfrim",
    "cloudflare.com": "https://dash.cloudflare.com/profile/authentication",
    "cnbc.com": "https://www.cnbc.com/account/#profile",
    "cnn.com": "https://www.cnn.com/account/settings",
    "codepen.io": "https://codepen.io/settings/account",
    "columbia.com": "https://www.columbia.com/profile",
    "constantcontact.com": "https://app.constantcontact.com/pages/myaccount/settings/account",
    "consumidor.gov.br": "https://www.consumidor.gov.br/pages/usuario/editar",
    "costco.com": "https://www.costco.com/AccountInformationView?identifier=manage-membership",
    "coupang.com": "https://login.coupang.com/login/userModify.pang",
    "coursehero.com": "https://www.coursehero.com/my-account/#/settings",
    "cpanel.com": "https://store.cpanel.net/my/password",
    "cpanel.net": "https://store.cpanel.net/my/password",
    "crackle.com": "https://www.crackle.com/profile",
    "craigslist.org": "https://accounts.craigslist.org/pass",
    "creditkarma.com": "https://www.creditkarma.com/myprofile/security",
    "credly.com": "https://www.credly.com/earner/settings/privacy",
    "crowdin.com": "https://accounts.crowdin.com/password/change",
    "crunchyroll.com": "https://www.crunchyroll.com/resetpw",
    "cvs.com": "https://www.cvs.com/my-account/profile/sign-in-and-security/edit-password",
    "dailymail.co.uk": "https://www.dailymail.co.uk/registration/profile/change-password.html",
    "dan.com": "https://dan.com/users/settings/account",
    "danawa.com": "https://auth.danawa.com/modifyMember",
    "darty.com": "https://www.darty.com/espace_client/donnees-personnelles/mot-de-passe/edition",
    "daum.net": "https://member.daum.net/change/password.daum",
    "deere.com": "https://account.deere.com/actmgmt/change-password",
    "dell.com": "https://www.dell.com/identity/global/editaccount?",
    "delta.com": "https://www.delta.com/myprofile/security-settings",
    "deviantart.com": "https://www.deviantart.com/settings/general",
    "dickssportinggoods.com": "https://www.dickssportinggoods.com/MyAccount/AccountSettings",
    "digitalocean.com": "https://cloud.digitalocean.com/settings/security",
    "discogs.com": "https://www.discogs.com/settings/user",
    "discord.com": "https://discord.com/settings/account",
    "discover.com": "https://card.discover.com/cardmembersvcs/personalprofile/pp/UpdateDetails?ICMPGN=MYPROFILE_USERID_PASSWORD_TXT",
    "disneyplus.com": "https://www.disneyplus.com/account",
    "dittomusic.com": "https://dashboard.dittomusic.com/account/password",
    "dmm.co.jp": "https://accounts.dmm.co.jp/settings/change/password",
    "doctoralia.com.br": "https://l.doctoralia.com.br/change-password",
    "docusign.net": "https://account.docusign.com/me/changepassword",
    "dominos.com": "https://www.dominos.com/en/pages/customer/#!/customer/settings/",
    "doordash.com": "https://www.doordash.com/accounts/password/reset/",
    "dotloop.com": "https://www.dotloop.com/my/account/#/settings",
    "dropbox.com": "https://www.dropbox.com/account/security",
    "dsw.com": "https://www.dsw.com/en/us/profile",
    "duolingo.com": "https://duolingo.com/settings/profile",
    "dwr.com": "https://www.dwr.com/profile",
    "ea.com": "https://myaccount.ea.com/cp-ui/security/index",
    "ebay.com": "https://accounts.ebay.com/acctsec/security-center/chngpwd",
    "elpais.com": "https://elpais.com/subscriptions/#/profile",
    "epicgames.com": "https://www.epicgames.com/account/password?lang=en&productName=epicgames",
    "eporner.com": "https://www.eporner.com/profile/mturk_eporn/my/edit-pass/",
    "espn.com": "https://www.espn.com/",
    "eventbrite.com": "https://www.eventbrite.com/account-settings/password",
    "evite.com": "https://www.evite.com/reset_password/",
    "expedia.com": "https://www.expedia.com/user/forgotpassword",
    "experian.com": "https://usa.experian.com/member/ngx-profile/account-info",
    "familysearch.org": "https://www.familysearch.org/identity/settings/account",
    "fandom.com": "https://auth.fandom.com/auth/settings",
    "fanfiction.net": "https://www.fanfiction.net/account/password.php",
    "fedex.com": "https://www.fedex.com/en-us/create-account/how-to-reset-forgot-password.html",
    "fetlife.com": "https://fetlife.com/settings/account/password",
    "fidelity.com": "https://fps.fidelity.com/ftgw/Fps/Fidelity/RtlCust/ChangePIN/Init",
    "finance.yahoo.com": "https://login.yahoo.com/myaccount/security/change-password/?src=finance",
    "findagrave.com": "https://www.findagrave.com/user/account/password",
    "fitbit.com": "https://www.fitbit.com/settings/profile",
    "flightaware.com": "https://flightaware.com/account/manage",
    "fnac.com": "https://secure.fnac.com/account/update-password",
    "foodnetwork.com": "https://www.foodnetwork.com/user-profile-page",
    "forbes.com": "https://account.forbes.com/profile",
    "force.com": "https://na224.lightning.force.com/lightning/settings/personal/ChangePassword/home",
    "foursquare.com": "https://foursquare.com/change_password",
    "foxbusiness.com": "https://my.foxbusiness.com/?p=account",
    "foxnews.com": "https://my.foxnews.com/?pieces=reset",
    "foxsports.com": "https://www.foxsports.com/#",
    "frutifica.com.br": "https://www.frutifica.com.br/conta/alterar_senha",
    "gamefaqs.gamespot.com": "https://gamefaqs.gamespot.com/user/mailpass",
    "gamespot.com": "https://www.gamespot.com/change-details/",
    "gap.com": "https://secure-www.gap.com/my-account/change-password",
    "genius.com": "https://genius.com/password_resets/new",
    "geocaching.com": "https://www.geocaching.com/account/settings/changepassword",
    "getflywheel.com": "https://app.getflywheel.com/profile/security/change_password",
    "github.com": "https://github.com/settings/security",
    "glassdoor.com": "https://www.glassdoor.com/member/profile/settings.htm",
    "gm.com": "https://experience.gm.com/myaccount/security/passwordChange",
    "gmail.com": "https://myaccount.google.com/signinoptions/password?continue=https://myaccount.google.com/security",
    "gmarket.co.kr": "https://sslmember2.gmarket.co.kr/MYInfo/MemberInfo",
    "gmx.net": "https://account.gmx.net/ciss/security/edit/passwordChange",
    "go.com": "https://go.com/profile/account-settings/edit",
    "gocomics.com": "https://www.gocomics.com/profiles/create-password",
    "gog.com": "https://www.gog.com/account/settings/security",
    "goodhousekeeping.com": "https://www.mylo.id/account",
    "goodreads.com": "https://www.goodreads.com/ap/cnep",
    "google.com": "https://myaccount.google.com/signinoptions/password",
    "gov.br": "https://acesso.gov.br/area-cidadao/#/alterarSenha",
    "grainger.com": "https://www.grainger.com/myaccount/loginoptions",
    "grubhub.com": "https://www.grubhub.com/account/profile",
    "happycow.net": "https://www.happycow.net/members/profile/update/password",
    "hbomax.com": "https://play.hbomax.com/setting/account/edit/password",
    "heroku.com": "https://dashboard.heroku.com/account",
    "hibrain.net": "https://hibrain.net/mybrain/users/password/edit",
    "hilton.com": "https://www.hilton.com/en/hilton-honors/guest/profile/password/",
    "homedepot.com": "https://www.homedepot.com/myaccount/security",
    "honeywell.com": "https://honeywell.csod.com/resetPasswrd.aspx?",
    "hosting.com": "https://my.hosting.com/profile/security",
    "hotels.com": "https://hotels.com/profile/settings.html",
    "housecallpro.com": "https://pro.housecallpro.com/service_pro/account/reset_password",
    "hp.com": "https://account.id.hp.com/security",
    "hsn.com": "https://www.hsn.com/myaccount/update",
    "huffpost.com": "https://www.huffpost.com/member/edit-profile",
    "hulu.com": "https://secure.hulu.com/account",
    "icloud.com": "https://appleid.apple.com/account/manage",
    "ign.com": "https://www.ign.com/account/security",
    "ihg.com": "https://www.ihg.com/rewardsclub/gb/en/account-mgmt/personalInformation",
    "ikea.com": "https://www.ikea.com/in/en/profile/dashboard/",
    "imgur.com": "https://imgur.com/account/settings/password",
    "impots.gouv.fr": "https://cfspart.impots.gouv.fr/monprofil-webapp/GererMonProfil",
    "indeed.com": "https://secure.indeed.com/account/changepassword",
    "independent.co.uk": "https://www.independent.co.uk/profile",
    "insider.com": "https://www.insider.com/",
    "instacart.com": "https://www.instacart.com/store/account",
    "instagram.com": "https://www.instagram.com/accounts/password/change/",
    "intuit.com": "https://accounts.intuit.com/app/account-manager/security/password",
    "istockphoto.com": "https://www.istockphoto.com/change-password",
    "jcpenney.com": "https://www.jcpenney.com/account/dashboard/personal/info",
    "jimdofree.com": "https://dash.e.jimdo.com/profile",
    "jw.org": "https://apps.jw.org/E_PASSCHG1",
    "key.harvard.edu": "https://key.harvard.edu/manage-account/change-password",
    "kohls.com": "https://www.kohls.com/myaccount/accountsettings.jsp",
    "kroger.com": "https://www.kroger.com/account/update",
    "kundenportal.edeka-smart.de": "https://kundenportal.edeka-smart.de/edeka-csc/forgot-password",
    "latimes.com": "https://membership.latimes.com/settings",
    "leetcode.com": "https://leetcode.com/accounts/password/set/",
    "legacy.com": "https://legacy.memoriams.com/Network/Account/ChangePassword",
    "lemonde.fr": "https://moncompte.lemonde.fr/gcustomer/account/password",
    "letterboxd.com": "https://letterboxd.com/settings/auth/",
    "linkedin.com": "https://www.linkedin.com/psettings/change-password",
    "linktr.ee": "https://linktr.ee/admin/account",
    "linode.com": "https://cloud.linode.com/profile/auth",
    "live.com": "https://account.live.com/password/change?refd=account.microsoft.com&fref=home.banner.changepwd",
    "livejasmin.com": "https://www.livejasmin.com/en/girls/#!settings/account",
    "login.gov": "https://secure.login.gov/manage/password",
    "lowes.com": "https://www.lowes.com/mylowes/profile",
    "lu.ma": "https://lu.ma/settings",
    "macys.com": "https://www.macys.com/account/profile?cm_sp=macys_account-_-my_account-_-my_profile&linklocation=leftrail",
    "marketwatch.com": "https://customercenter.marketwatch.com/account#password?mod=ql",
    "marktplaats.nl": "https://www.marktplaats.nl/account/password-reset/confirm.html",
    "marriott.com": "https://www.marriott.com/loyalty/myAccount/changePassword.mi",
    "mathworks.com": "https://mathworks.com/mwaccount/profiles/password/change",
    "maxpreps.com": "https://secure.maxpreps.com/utility/member/forgotpassword.aspx",
    "mediafire.com": "https://www.mediafire.com/myaccount/accountbilling.php#change-pwd-block",
    "meliuz.com.br": "https://www.meliuz.com.br/minha-conta/meus-dados/senha",
    "menards.com": "https://www.menards.com/main/accountoverview.html",
    "mercari.com": "https://www.mercari.com/mypage/email_password/",
    "messagebird.com": "https://dashboard.messagebird.com/account/security",
    "messenger.com": "https://www.facebook.com/settings?tab=security",
    "michaels.com": "https://www.michaels.com/on/demandware.store/Sites-MichaelsUS-Site/default/Account-EditProfile",
    "microsoft.com": "https://account.live.com/password/Change",
    "mlb.com": "https://www.mlb.com/account/general",
    "mountainwarehouse.com": "https://www.mountainwarehouse.com/account/details-link/",
    "msn.com": "https://account.live.com/password/change?refd=account.microsoft.com&fref=home.banner.changepwd",
    "music.youtube.com": "https://myaccount.google.com/signinoptions/password",
    "my.goabode.com": "https://my.goabode.com/#/app/account",
    "myaccount.ea.com": "https://myaccount.ea.com/cp-ui/security/index",
    "myaccount.google.com": "https://myaccount.google.com/signinoptions/password",
    "myfreecams.com": "https://www.myfreecams.com/php/account.php?request=status&vcc=1674246522#change_password",
    "mypay.dfas.mil": "https://mypay.dfas.mil/#/settings/password",
    "myshopify.com": "https://accounts.shopify.com/accounts/186490458/security",
    "myspace.com": "https://myspace.com/settings/profile/email",
    "naver.com": "https://nid.naver.com/user2/help/myInfo.nhn?m=viewChangePasswd",
    "nba.com": "https://www.nba.com/account/nbaprofile",
    "nbcnews.com": "https://nbcuniversal.nbc.com/request-password",
    "nekochat.cn": "https://user.candyrect.com/helpcenter/",
    "netflix.com": "https://www.netflix.com/password",
    "netvibes.com": "https://www.netvibes.com/account/password",
    "news.google.com": "https://myaccount.google.com/signinoptions/password",
    "news.yahoo.com": "https://login.yahoo.com/myaccount/security/change-password/",
    "news.ycombinator.com": "https://news.ycombinator.com/changepw",
    "newsweek.com": "https://www.newsweek.com/contact",
    "nextdns.io": "https://my.nextdns.io/account",
    "nfl.com": "https://id.nfl.com/account/change-password",
    "nhentai.net": "https://nhentai.net/reset/",
    "nicovideo.jp": "https://account.nicovideo.jp/my/password",
    "nike.com": "https://www.nike.com/member/settings",
    "nintendo.com": "https://accounts.nintendo.com/password/edit",
    "njal.la": "https://njal.la/settings",
    "nordstrom.com": "https://www.nordstrom.com/my-account/sign-in-info",
    "nordstromrack.com": "https://www.nordstromrack.com/my-account/sign-in-info",
    "norton.com": "https://my.norton.com/extspa/account/personalinfo",
    "npr.org": "https://secure.npr.org/oauth2/login",
    "nvidia.com": "https://profile.nvgs.nvidia.com/security/change-password",
    "nypost.com": "https://nypost.com/account/settings",
    "nytimes.com": "https://www.nytimes.com/account/change-password",
    "office.com": "https://account.live.com/password/change?refd=account.microsoft.com&fref=home.banner.changepwd",
    "office365.com": "https://account.live.com/password/change?refd=account.microsoft.com&fref=home.banner.changepwd",
    "officedepot.com": "https://www.officedepot.com/account/editLoginDisplay.do",
    "okta.com": "https://my.okta.com/signin/password-reset",
    "onelink.me": "https://hq1.appsflyer.com/account/change-password",
    "onlyfans.com": "https://onlyfans.com/my/settings/account/password",
    "opentable.com": "https://support.opentable.com/s/login/ForgotPassword?language=en_US",
    "opera.com": "https://auth.opera.com/account/edit-profile",
    "orcid.org": "https://orcid.org/account",
    "overleaf.com": "https://www.overleaf.com/user/settings",
    "overstock.com": "https://www.overstock.com/myaccount/account/email-password",
    "paramountplus.com": "https://www.paramountplus.com/account/",
    "patreon.com": "https://www.patreon.com/settings/account",
    "paypal.com": "https://www.paypal.com/myaccount/security/password/change",
    "pch.com": "https://accounts.pch.com/forgotpass",
    "peacocktv.com": "https://www.peacocktv.com/forgot",
    "pilotflyingj.com": "https://portal.pilotflyingj.com/myrewards/forgot-password",
    "pinterest.com": "https://www.pinterest.com/settings/account-settings",
    "pl.canalplus.com": "https://logowanie.pl.canalplus.com/zmien-haslo",
    "playstation.com": "https://id.sonyentertainmentnetwork.com/id/management/#/p/security",
    "plex.tv": "https://app.plex.tv/desktop#!/account",
    "pogo.com": "https://myaccount.ea.com/cp-ui/security/index",
    "politico.com": "https://www.politico.com/settings",
    "pornhub.com": "https://www.pornhub.com/user/security",
    "portal.edd.ca.gov": "https://portal.edd.ca.gov/WebApp/Profile/UpdatePassword",
    "portlandgeneral.com": "https://portlandgeneral.com/secure/profile/change-password",
    "poshmark.com": "https://poshmark.com/user/account-info",
    "ppomppu.co.kr": "https://www.ppomppu.co.kr/myinfo/profile.php",
    "prolific.co": "https://app.prolific.co/account/general",
    "proton.me": "https://account.proton.me/u/0/vpn/account-password",
    "prowlapp.com": "https://www.prowlapp.com/settings.php",
    "quizlet.com": "https://quizlet.com/settings",
    "quora.com": "https://www.quora.com/settings",
    "rakuten.com": "https://www.rakuten.com/account-settings.htm",
    "readymag.com": "https://auth.readymag.com/password/forgot",
    "realtor.com": "https://www.realtor.com/myaccount/profile/settings",
    "redd.it": "https://www.reddit.com/prefs/update/",
    "reddit.com": "https://www.reddit.com/prefs/update/",
    "redfin.com": "https://www.redfin.com/change-password",
    "redgifs.com": "https://auth.redgifs.com/lo/reset?ticket=",
    "redirect.pizza": "https://redirect.pizza/profile",
    "redtube.com": "https://www.redtube.com/settings",
    "reelgood.com": "https://reelgood.com/account",
    "rei.com": "https://www.rei.com/YourAccountCredentials",
    "rejsekort.dk": "https://selvbetjening.rejsekort.dk/CWS/CustomerManagement/ChangePassword",
    "reuters.com": "https://www.reuters.com/account/forgot-password/",
    "roblox.com": "https://www.roblox.com/my/account#!/info",
    "rottentomatoes.com": "https://www.rottentomatoes.com/user/account",
    "ruc.dk": "https://pwrecovery.ruc.dk",
    "rule34.xxx": "https://rule34.xxx/index.php?page=account&s=change_password",
    "rumble.com": "https://rumble.com/account/profile",
    "safeco.com": "https://customer.safeco.com/accountmanager/profile/changepassword",
    "safeway.com": "https://www.safeway.com/customer-account/account-settings",
    "samsclub.com": "https://www.samsclub.com/account/personal-info?xid=hdr_account_change-password",
    "samsung.com": "https://account.samsung.com/membership/contents/security/password/change-password",
    "santahelenasaude.com.br": "https://www.santahelenasaude.com.br/beneficiario/#/alterar-senha",
    "saturn.de": "https://www.saturn.de/webapp/wcs/stores/servlet/MultiChannelMAChangePassword",
    "scribd.com": "https://www.scribd.com/account-settings#change-password",
    "secondlife.com": "https://accounts.secondlife.com/change_password",
    "secure.orclinic.com": "https://secure.orclinic.com/portal/editprofile.aspx",
    "sephora.com": "https://www.sephora.com/profile/MyAccount",
    "serasa.com.br": "https://www.serasa.com.br/meus-dados/alterar-senha",
    "shein.com": "https://shein.com/user/security",
    "shodan.io": "https://account.shodan.io/change_password",
    "shoop.de": "https://www.shoop.de/einstellungen/benutzerdaten",
    "shopback.co.kr": "https://www.shopback.co.kr/account/change-password",
    "shutterfly.com": "https://www.shutterfly.com/account-settings/",
    "singaporeair.com": "https://www.singaporeair.com/krisflyer/profile/security",
    "sipgatebasic.de": "https://app.sipgatebasic.de/settings",
    "slickdeals.net": "https://slickdeals.net/forums/login.php?do=lostpw",
    "snapchat.com": "https://accounts.snapchat.com/accounts/change_password",
    "soap2day.to": "https://soap2day.to/home/user/changepassword",
    "solitaired.com": "https://solitaired.com/user/reset-password?",
    "sonos.com": "https://www.sonos.com/myaccount/user/profile/",
    "soundcloud.com": "https://soundcloud.com/settings",
    "southwest.com": "https://www.southwest.com/loyalty/myaccount/profile-security.html",
    "spankbang.com": "https://spankbang.com/users/account",
    "spectrum.net": "https://www.spectrum.net/user-preferences/your-info/manage/security",
    "speedway.com": "https://www.speedway.com/my-account/security/passcode",
    "splunk.com": "https://www.splunk.com/my-account/#/profile-details",
    "sports.yahoo.com": "https://login.yahoo.com/account/change-password",
    "spotify.com": "https://www.spotify.com/in-en/account/change-password/",
    "ssa.gov": "https://secure.ssa.gov/RIM/UpwdView.action",
    "stackoverflow.com": "https://stackoverflow.com/users/account-recovery",
    "stacksocial.com": "https://stacksocial.com/user?show=account-tab",
    "state.nj.us": "https://my.state.nj.us/edituser/EditUserProfile",
    "steamcommunity.com": "https://help.steampowered.com/en/wizard/HelpWithLoginInfoReset/",
    "steampowered.com": "https://help.steampowered.com/en/wizard/HelpChangePassword?redir=store/account/",
    "stonly.com": "https://app.stonly.com/app/general/userSettings/Account",
    "stripchat.com": "https://stripchat.com/settings",
    "sulamericaseguros.com.br": "https://saude.sulamericaseguros.com.br/segurado/gerenciar-cadastro/",
    "surveymonkey.com": "https://identity.surveymonkey.com/us/manage?locale=en",
    "swagbucks.com": "https://www.swagbucks.com/account/settings",
    "swarmapp.com": "https://foursquare.com/change_password",
    "swinglifestyle.com": "https://www.swinglifestyle.com/profile/",
    "syf.com": "https://mastercard.syf.com/login/reset",
    "synchrony.com": "https://consumercenter.mysynchrony.com/consumercenter/",
    "tagged.com": "https://secure.tagged.com/account_info.html?dataSource=Settings&ll=nav",
    "target.com": "https://logonservices.iam.target.com/change-password/?target=#!",
    "tasteofhome.com": "https://www.tasteofhome.com/login/updatepassword",
    "teacherspayteachers.com": "https://www.teacherspayteachers.com/My-Account/Basics/edit",
    "teamviewer.com": "https://login.teamviewer.com/nav/profile/change-password",
    "telekom.de": "https://account.idm.telekom.com/account-manager/password/index.xhtml",
    "temu.com": "https://www.temu.com/bgp_account_security.html",
    "the-sun.com": "https://home.thesun.co.uk/edit/password",
    "theguardian.com": "https://profile.theguardian.com/reset",
    "thejigsawpuzzles.com": "https://thejigsawpuzzles.com/profile/?changepassword",
    "thenounproject.com": "https://thenounproject.com/accounts/password/change/",
    "thesimsresource.com": "https://www.thesimsresource.com/account#/account",
    "thesun.co.uk": "https://login.thesun.co.uk/user/changePassword",
    "thetrainline.com": "https://www.thetrainline.com/my-account/change-password",
    "thetvdb.com": "https://www.thetvdb.com/dashboard/account/changepass",
    "ti.com": "https://login.ti.com/ext/pwdchange/Identify",
    "tiktok.com": "https://www.tiktok.com/login/email/forget-password",
    "time.com": "https://time.com/manage-account/",
    "tinyurl.com": "https://tinyurl.com/app/settings/security",
    "tmon.co.kr": "https://login.tmon.co.kr/user/info",
    "tmz.com": "https://shop.tmz.com/user?show=account-tab",
    "todoist.com": "https://todoist.com/prefs/account",
    "trakt.tv": "https://trakt.tv/settings#password",
    "tripadvisor.com": "https://www.tripadvisor.com/Settings-cp",
    "tripit.com": "https://tripit.com/account/edit/section/change_password",
    "trulia.com": "https://www.trulia.com/account/user_profile",
    "tum.de": "https://campus.tum.de",
    "tumblr.com": "https://www.tumblr.com/settings/account",
    "turkishairlines.com": "https://www.turkishairlines.com/tr-int/miles-and-smiles/forgot-password/",
    "twilio.com": "https://www.twilio.com/console/user/settings",
    "twitch.tv": "https://www.twitch.tv/settings/security",
    "twitter.com": "https://twitter.com/settings/password",
    "udacity.com": "https://classroom.udacity.com/settings/password",
    "udel.edu": "https://udapps.nss.udel.edu/myUDsettings/password",
    "uline.com": "https://www.uline.com/MyAccount/ContactPref",
    "ulta.com": "https://www.ulta.com/myaccount/index.jsp",
    "uml.edu": "https://mypassword.uml.edu/#Change",
    "umsystem.edu": "https://password.umsystem.edu/reset/",
    "united.com": "https://www.united.com/ual/en/US/account/security/setpassword",
    "ups.com": "https://www.ups.com/lasso/updatePass?loc=en_US",
    "usaa.com": "https://www.usaa.com/inet/ent_auth_password/pages/ChangePasswordPage",
    "usatoday.com": "https://login.usatoday.com/USAT-GUP/password-forgot/",
    "uscis.gov": "https://myaccount.uscis.gov/users/registration/password",
    "usnews.com": "https://auth.usnews.com/changePassword",
    "usps.com": "https://reg.usps.com/entreg/secure/ChangePasswordAction_input?returnActionName",
    "vccs.edu": "https://www.apply.vccs.edu/Profile/_default.aspx",
    "ventrachicago.com": "https://www.ventrachicago.com/account/manage-account/",
    "verizon.com": "https://myvpostpay.verizon.com/ui/bill/secure/",
    "victoriassecret.com": "https://www.victoriassecret.com/us/account/profile#changePassword",
    "virginmobile.ca": "https://myaccount.virginmobile.ca/MyProfile/Details/EditProfile?editField=PASSWORD",
    "vivo.com.br": "https://meuvivo.vivo.com.br/meuvivo/appmanager/portal/fixo",
    "vrbo.com": "https://www.vrbo.com/traveler/profile/edit",
    "walgreens.com": "https://www.walgreens.com/account/user_and_password",
    "walmart.com": "https://www.walmart.com/account/profile",
    "washingtonpost.com": "https://subscribe.washingtonpost.com/profile/#!/profile/access?destination=https:%2F%2Fwww.washingtonpost.com%2F%3Frefresh%3Dtrue&tid=nav_acctmgnt_menu",
    "wayfair.com": "https://www.wayfair.com/v/account/personal_info/edit",
    "weather.com": "https://weather.com/member/settings",
    "webmd.com": "https://member.webmd.com/password-reset",
    "wii-homebrew.com": "https://forum.wii-homebrew.com/index.php/AccountManagement/",
    "wikihow.com": "https://www.wikihow.com/Special:ChangeCredentials/MediaWiki%5CAuth%5CPasswordAuthenticationRequest",
    "wikipedia.org": "https://en.wikipedia.org/w/index.php?title=Special:ChangeCredentials/MediaWiki%5CAuth%5CPasswordAuthenticationRequest&returnto=Special%3APreferences",
    "wired.com": "https://www.wired.com/account/reset-password",
    "wordpress.com": "https://wordpress.com/me/security/password",
    "worldstar.com": "https://worldstarhiphop.com/videos/reset.php",
    "worldwinner.com": "https://www.worldwinner.com/cgi/finance/account.pl",
    "wsj.com": "https://customercenter.wsj.com/account#password",
    "wunderground.com": "https://www.wunderground.com/member/settings",
    "xero.com": "https://identity.xero.com/account/?AccountUrl=/!xkcD/Settings/MyAccount",
    "xfinity.com": "https://customer.xfinity.com/users/me/update-password",
    "xhamster.com": "https://xhamster.com/password-recovery",
    "xvideos.com": "https://www.xvideos.com/account/security",
    "yahoo.com": "https://login.yahoo.com/account/change-password",
    "yellowpages.com": "https://www.yellowpages.com/settings/password",
    "yelp.com": "https://yelp.com/profile_password",
    "youporn.com": "https://www.youporn.com/settings/change/password/",
    "youtube.com": "https://myaccount.google.com/signinoptions/password",
    "zeplin.io": "https://app.zeplin.io/profile/password",
    "zhihu.com": "https://www.zhihu.com/settings/account",
    "zillow.com": "https://www.zillow.com/myzillow/profile/",
    "ziprecruiter.com": "https://www.ziprecruiter.com/login/forgot-password?realm=candidates",
    "zocdoc.com": "https://www.zocdoc.com/patient/editprofile?section=Password",
    "zulily.com": "https://www.zulily.com/account/edit?rel=top_flyout"
}
