{
    "163.com": {
        "password-rules": "minlength: 6; maxlength: 16;"
    },
    "1800flowers.com": {
        "password-rules": "minlength: 6; required: lower, upper; required: digit;"
    },
    "access.service.gov.uk": {
        "password-rules": "minlength: 10; required: lower; required: upper; required: digit; required: special;"
    },
    "account.samsung.com": {
        "password-rules": "minlength: 8; maxlength: 15; required: digit; required: special; required: upper,lower;"
    },
    "acmemarkets.com": {
        "password-rules": "minlength: 8; maxlength: 40; required: upper; required: [!#$%&*@^]; allowed: lower,digit;"
    },
    "act.org": {
        "password-rules": "minlength: 8; maxlength: 64; required: lower; required: upper; required: digit; required: [!#$%&*@^];"
    },
    "admiral.com": {
        "password-rules": "minlength: 8; required: digit; required: [- !\"#$&'()*+,.:;<=>?@[^_`{|}~]]; allowed: lower, upper;"
    },
    "ae.com": {
        "password-rules": "minlength: 8; maxlength: 25; required: lower; required: upper; required: digit;"
    },
    "aeon.co.jp": {
        "password-rules": "minlength: 8; maxlength: 8; max-consecutive: 3; required: digit; required: upper,lower,[#$+./:=?@[^_|~]];"
    },
    "aeromexico.com": {
        "password-rules": "minlength: 8; maxlength: 25; required: lower; required: upper; required: digit;"
    },
    "aesop.com": {
        "password-rules": "minlength: 8; maxlength: 25; required: lower; required: upper; required: digit; required: [!@#$%&?];"
    },
    "aetna.com": {
        "password-rules": "minlength: 8; maxlength: 20; max-consecutive: 2; required: upper; required: digit; allowed: lower, [-_&#@];"
    },
    "airasia.com": {
        "password-rules": "minlength: 8; maxlength: 15; required: lower; required: upper; required: digit;"
    },
    "airfrance.com": {
        "password-rules": "minlength: 8; maxlength: 12; required: lower; required: upper; required: digit; allowed: [-!#$&+/?@_];"
    },
    "airfrance.us": {
        "password-rules": "minlength: 8; maxlength: 12; required: lower; required: upper; required: digit; allowed: [-!#$&+/?@_];"
    },
    "ajisushionline.com": {
        "password-rules": "minlength: 8; required: lower; required: upper; required: digit; allowed: [ !#$%&*?@];"
    },
    "albertsons.com": {
        "password-rules": "minlength: 8; maxlength: 40; required: upper; required: [!#$%&*@^]; allowed: lower,digit;"
    },
    "alelo.com.br": {
        "password-rules": "minlength: 6; maxlength: 10; required: lower; required: upper; required: digit;"
    },
    "aliexpress.com": {
        "password-rules": "minlength: 6; maxlength: 20; allowed: lower, upper, digit;"
    },
    "alliantcreditunion.com": {
        "password-rules": "minlength: 8; maxlength: 20; max-consecutive: 3; required: lower, upper; required: digit; allowed: [!#$*];"
    },
    "allianz.com.br": {
        "password-rules": "minlength: 4; maxlength: 4;"
    },
    "americanexpress.com": {
        "password-rules": "minlength: 8; maxlength: 20; max-consecutive: 4; required: lower, upper; required: digit; allowed: [%&_?#=];"
    },
    "amnh.org": {
        "password-rules": "minlength: 8; maxlength: 16; required: digit; required: upper,lower; allowed: ascii-printable;"
    },
    "ana.co.jp": {
        "password-rules": "minlength: 8; maxlength: 16; required: digit; required: upper,lower;"
    },
    "anatel.gov.br": {
        "password-rules": "minlength: 6; maxlength: 15; allowed: lower, upper, digit;"
    },
    "ancestry.com": {
        "password-rules": "minlength: 8; required: lower, upper; required: digit;"
    },
    "andronicos.com": {
        "password-rules": "minlength: 8; maxlength: 40; required: upper; required: [!#$%&*@^]; allowed: lower,digit;"
    },
    "angieslist.com": {
        "password-rules": "minlength: 6; maxlength: 15;"
    },
    "anthem.com": {
        "password-rules": "minlength: 8; maxlength: 20; max-consecutive: 3; required: lower, upper; required: digit; allowed: [!$*?@|];"
    },
    "app.digiboxx.com": {
        "password-rules": "minlength: 8; maxlength: 14; required: lower; required: upper; required: digit; required: [@$!%*?&];"
    },
    "app.digio.in": {
        "password-rules": "minlength: 8; maxlength: 15;"
    },
    "app.parkmobile.io": {
        "password-rules": "minlength: 8; maxlength: 25; required: lower; required: upper; required: digit; required: [!@#$%^&];"
    },
    "app8menu.com": {
        "password-rules": "minlength: 8; required: lower; required: upper; required: digit; required: [@$!%*?&];"
    },
    "apple.com": {
        "password-rules": "minlength: 8; maxlength: 63; required: lower; required: upper; required: digit; allowed: ascii-printable;"
    },
    "appleloan.citizensbank.com": {
        "password-rules": "minlength: 10; maxlength: 20; max-consecutive: 2; required: lower; required: upper; required: digit; required: [!#$%@^_];"
    },
    "areariservata.bancaetica.it": {
        "password-rules": "minlength: 8; maxlength: 10; required: lower; required: upper; required: digit; required: [!#&*+/=@_];"
    },
    "artscyclery.com": {
        "password-rules": "minlength: 6; maxlength: 19;"
    },
    "astonmartinf1.com": {
        "password-rules": "minlength: 8; maxlength: 16; required: lower; required: upper; required: digit; allowed: special;"
    },
    "auth.readymag.com": {
        "password-rules": "minlength: 8; maxlength: 128; required: lower; required: upper; allowed: special;"
    },
    "auth.zennioptical.com": {
        "password-rules": "minlength: 8; maxlength: 14; required: lower; required: upper; required: digit; allowed: special;"
    },
    "autify.com": {
        "password-rules": "minlength: 8; required: lower; required: upper; required: digit; required: [!\"#$%&'()*+,./:;<=>?@[^_`{|}~]];"
    },
    "axa.de": {
        "password-rules": "minlength: 8; maxlength: 65; required: lower; required: upper; required: digit; allowed: [-!\"§$%&/()=?;:_+*'#];"
    },
    "baidu.com": {
        "password-rules": "minlength: 6; maxlength: 14;"
    },
    "balduccis.com": {
        "password-rules": "minlength: 8; maxlength: 40; required: upper; required: [!#$%&*@^]; allowed: lower,digit;"
    },
    "bancochile.cl": {
        "password-rules": "minlength: 8; maxlength: 8; required: lower; required: upper; required: digit;"
    },
    "bankofamerica.com": {
        "password-rules": "minlength: 8; maxlength: 20; max-consecutive: 3; required: lower; required: upper; required: digit; allowed: [-@#*()+={}/?~;,._];"
    },
    "battle.net": {
        "password-rules": "minlength: 8; maxlength: 16; required: lower, upper; allowed: digit, special;"
    },
    "bcassessment.ca": {
        "password-rules": "minlength: 8; maxlength: 14;"
    },
    "belkin.com": {
        "password-rules": "minlength: 8; required: lower, upper; required: digit; required: [$!@~_,%&];"
    },
    "benefitslogin.discoverybenefits.com": {
        "password-rules": "minlength: 10; required: upper; required: digit; required: [!#$%&*?@]; allowed: lower;"
    },
    "benjerry.com": {
        "password-rules": "required: upper; required: upper; required: digit; required: digit; required: special; required: special; allowed: lower;"
    },
    "bestbuy.com": {
        "password-rules": "minlength: 20; required: lower; required: upper; required: digit; required: special;"
    },
    "bhphotovideo.com": {
        "password-rules": "maxlength: 15;"
    },
    "bilibili.com": {
        "password-rules": "maxlength: 16;"
    },
    "billerweb.com": {
        "password-rules": "minlength: 8; max-consecutive: 2; required: digit; required: upper,lower;"
    },
    "biovea.com": {
        "password-rules": "maxlength: 19;"
    },
    "bitly.com": {
        "password-rules": "minlength: 6; required: lower; required: upper; required: digit; required: [`!@#$%^&*()+~{}'\";:<>?]];"
    },
    "bkvenergy.com": {
        "password-rules": "minlength: 8; maxlength: 12; required: upper; required: lower; required: digit; required: [-~!@#$%^&*()_=+,<.> ];"
    },
    "blackwells.co.uk": {
        "password-rules": "minlength: 8; maxlength: 30; allowed: upper,lower,digit;"
    },
    "bloomingdales.com": {
        "password-rules": "minlength: 7; maxlength: 16; required: lower, upper; required: digit; required: [`!@#$%^&*()+~{}'\";:<>?]];"
    },
    "bluesguitarunleashed.com": {
        "password-rules": "allowed: lower, upper, digit, [!$#@];"
    },
    "bochk.com": {
        "password-rules": "minlength: 8; maxlength: 12; max-consecutive: 3; required: lower; required: upper; required: digit; allowed: [#$%&()*+,.:;<=>?@_];"
    },
    "box.com": {
        "password-rules": "minlength: 6; maxlength: 20; required: lower; required: upper; required: digit; required: digit;"
    },
    "bpl.bibliocommons.com": {
        "password-rules": "minlength: 4; maxlength: 4; required: digit;"
    },
    "brighthorizons.com": {
        "password-rules": "minlength: 8; maxlength: 16;"
    },
    "callofduty.com": {
        "password-rules": "minlength: 8; maxlength: 20; max-consecutive: 2; required: lower, upper; required: digit;"
    },
    "candyrect.com": {
        "password-rules": "minlength: 8; maxlength: 15; required: lower; required: upper; required: digit;"
    },
    "capitalone.com": {
        "password-rules": "minlength: 8; maxlength: 32; required: lower, upper; required: digit; allowed: [-_./\\@$*&!#];"
    },
    "cardbenefitservices.com": {
        "password-rules": "minlength: 7; maxlength: 100; required: lower, upper; required: digit;"
    },
    "cardcash.com": {
        "password-rules": "minlength: 8; required: lower; required: upper; required: digit; required: [!$%&*?@];"
    },
    "carrefour.it": {
        "password-rules": "minlength: 8; required: lower; required: upper; required: digit; required: [!#$%&*?@_];"
    },
    "carrsqc.com": {
        "password-rules": "minlength: 8; maxlength: 40; required: upper; required: [!#$%&*@^]; allowed: lower,digit;"
    },
    "carte-mobilite-inclusion.fr": {
        "password-rules": "minlength: 12; maxlength: 30; required: lower; required: upper; required: digit;"
    },
    "cathaypacific.com": {
        "password-rules": "minlength: 8; maxlength: 20; required: upper; required: digit; required: [!#$*^]; allowed: lower;"
    },
    "cb2.com": {
        "password-rules": "minlength: 9; required: lower, upper; required: digit; required: [!#*_%.$];"
    },
    "ccs-grp.com": {
        "password-rules": "minlength: 8; maxlength: 16; required: digit; required: upper,lower; allowed: [-!#$%&'+./=?\\^_`{|}~];"
    },
    "cecredentialtrust.com": {
        "password-rules": "minlength: 12; required: lower; required: upper; required: digit; required: [!#$%&*@^];"
    },
    "charlie.mbta.com": {
        "password-rules": "minlength: 10; required: lower; required: upper; required: digit; required: [!#$%@^];"
    },
    "chase.com": {
        "password-rules": "minlength: 8; maxlength: 32; max-consecutive: 2; required: lower, upper; required: digit; required: [!#$%+/=@~];"
    },
    "cigna.co.uk": {
        "password-rules": "minlength: 8; maxlength: 12; required: lower; required: upper; required: digit;"
    },
    "citi.com": {
        "password-rules": "minlength: 8; maxlength: 64; max-consecutive: 2; required: digit; required: upper; required: lower; required: [-~`!@#$%^&*()_\\/|];"
    },
    "claimlookup.com": {
        "password-rules": "minlength: 8; maxlength: 16; required: lower; required: upper; required: digit; required: [@#$%^&+=!];"
    },
    "clarksoneyecare.com": {
        "password-rules": "minlength: 9; allowed: lower; required: upper; required: digit; required: [~!@#$%^&*()_+{}|;,.<>?[]];"
    },
    "claro.com.br": {
        "password-rules": "minlength: 8; required: lower; allowed: upper, digit, [-!@#$%&*_+=<>];"
    },
    "classmates.com": {
        "password-rules": "minlength: 6; maxlength: 20; allowed: lower, upper, digit, [!@#$%^&*];"
    },
    "clegc-gckey.gc.ca": {
        "password-rules": "minlength: 8; maxlength: 16; required: lower, upper, digit;"
    },
    "clien.net": {
        "password-rules": "minlength: 5; required: lower, upper; required: digit;"
    },
    "cogmembers.org": {
        "password-rules": "minlength: 8; maxlength: 14; required: upper; required: digit; allowed: lower;"
    },
    "collectivehealth.com": {
        "password-rules": "minlength: 8; required: lower; required: upper; required: digit;"
    },
    "comcastpaymentcenter.com": {
        "password-rules": "minlength: 8; maxlength: 20; max-consecutive: 2;required: lower, upper; required: digit;"
    },
    "comed.com": {
        "password-rules": "minlength: 8; maxlength: 16; required: lower; required: upper; required: digit; allowed: [-~!@#$%^&*_+=`|(){}[:;\"'<>,.?/\\]];"
    },
    "commerzbank.de": {
        "password-rules": "minlength: 5; maxlength: 8; required: lower, upper; required: digit;"
    },
    "consorsbank.de": {
        "password-rules": "minlength: 5; maxlength: 5; required: lower, upper, digit;"
    },
    "consorsfinanz.de": {
        "password-rules": "minlength: 6; maxlength: 15; allowed: lower, upper, digit, [-.];"
    },
    "costco.com": {
        "password-rules": "minlength: 8; maxlength: 16; required: lower, upper; allowed: digit, [-!#$%&'()*+/:;=?@[^_`{|}~]];"
    },
    "coursera.com": {
        "password-rules": "minlength: 8; maxlength: 72;"
    },
    "cox.com": {
        "password-rules": "minlength: 8; maxlength: 24; required: digit; required: upper,lower; allowed: [!#$%()*@^];"
    },
    "crateandbarrel.com": {
        "password-rules": "minlength: 9; maxlength: 64; required: lower; required: upper; required: digit; required: [!\"#$%&()*,.:<>?@^_{|}];"
    },
    "crowdgen.com": {
        "password-rules": "minlength: 8; maxlength: 16; required: lower; required: upper; required: digit; required: [!#$%&()*+=@^_];"
    },
    "cvs.com": {
        "password-rules": "minlength: 8; maxlength: 25; required: lower, upper; required: digit; required: [!@#$%^&*()];"
    },
    "dailymail.co.uk": {
        "password-rules": "minlength: 5; maxlength: 15;"
    },
    "dan.org": {
        "password-rules": "minlength: 8; maxlength: 25; required: lower; required: upper; required: digit; required: [!@$%^&*];"
    },
    "danawa.com": {
        "password-rules": "minlength: 8; maxlength: 21; required: lower, upper; required: digit; required: [!@$%^&*];"
    },
    "darty.com": {
        "password-rules": "minlength: 8; required: lower; required: upper; required: digit;"
    },
    "dbs.com.hk": {
        "password-rules": "minlength: 8; maxlength: 30; required: lower; required: upper; required: digit;"
    },
    "decluttr.com": {
        "password-rules": "minlength: 8; maxlength: 45; required: lower; required: upper; required: digit;"
    },
    "delta.com": {
        "password-rules": "minlength: 8; maxlength: 20; required: lower; required: upper; required: digit;"
    },
    "deutsche-bank.de": {
        "password-rules": "minlength: 5; maxlength: 5; required: lower, upper, digit;"
    },
    "devstore.cn": {
        "password-rules": "minlength: 6; maxlength: 12;"
    },
    "dickssportinggoods.com": {
        "password-rules": "minlength: 8; required: lower; required: upper; required: digit; required: [!#$%&*?@^];"
    },
    "dkb.de": {
        "password-rules": "minlength: 8; maxlength: 38; required: lower, upper; required: digit; allowed: [-äüöÄÜÖß!$%&/()=?+#,.:];"
    },
    "dmm.com": {
        "password-rules": "minlength: 4; maxlength: 16; required: lower; required: upper; required: digit;"
    },
    "dodgeridge.com": {
        "password-rules": "minlength: 8; maxlength: 12; required: lower; required: upper; required: digit;"
    },
    "dowjones.com": {
        "password-rules": "maxlength: 15;"
    },
    "ea.com": {
        "password-rules": "minlength: 8; maxlength: 64; required: lower; required: upper; required: digit; allowed: special;"
    },
    "easycoop.com": {
        "password-rules": "minlength: 8; required: upper; required: special; allowed: lower, digit;"
    },
    "easyjet.com": {
        "password-rules": "minlength: 6; maxlength: 20; required: lower; required: upper; required: digit; required: [-];"
    },
    "ebrap.org": {
        "password-rules": "minlength: 15; required: lower; required: lower; required: upper; required: upper; required: digit; required: digit; required: [-!@#$%^&*()_+|~=`{}[:\";'?,./.]]; required: [-!@#$%^&*()_+|~=`{}[:\";'?,./.]];"
    },
    "ecompanystore.com": {
        "password-rules": "minlength: 8; maxlength: 16; max-consecutive: 2; required: lower; required: upper; required: digit; required: [#$%*+.=@^_];"
    },
    "eddservices.edd.ca.gov": {
        "password-rules": "minlength: 8; maxlength: 12; required: lower; required: upper; required: digit; required: [!@#$%^&*()];"
    },
    "edistrict.kerala.gov.in": {
        "password-rules": "minlength: 5; maxlength: 15; required: lower; required: upper; required: digit; required: [!@#$];"
    },
    "empower-retirement.com": {
        "password-rules": "minlength: 8; maxlength: 16;"
    },
    "epicgames.com": {
        "password-rules": "minlength: 7; required: lower; required: upper; required: digit; required: [-!\"#$%&'()*+,./:;<=>?@[^_`{|}~]];"
    },
    "epicmix.com": {
        "password-rules": "minlength: 8; maxlength: 16;"
    },
    "equifax.com": {
        "password-rules": "minlength: 8; maxlength: 20; required: lower; required: upper; required: digit; required: [!$*+@];"
    },
    "essportal.excelityglobal.com": {
        "password-rules": "minlength: 6; maxlength: 8; allowed: lower, upper, digit;"
    },
    "ettoday.net": {
        "password-rules": "minlength: 6; maxlength: 12;"
    },
    "examservice.com.tw": {
        "password-rules": "minlength: 6; maxlength: 8;"
    },
    "expertflyer.com": {
        "password-rules": "minlength: 5; maxlength: 16; required: lower, upper; required: digit;"
    },
    "extraspace.com": {
        "password-rules": "minlength: 8; maxlength: 20; allowed: lower; required: upper, digit, [!#$%&*?@];"
    },
    "ezpassva.com": {
        "password-rules": "minlength: 8; maxlength: 16; required: lower; required: upper; required: digit; required: special;"
    },
    "fc2.com": {
        "password-rules": "minlength: 8; maxlength: 16;"
    },
    "fccaccessonline.com": {
        "password-rules": "minlength: 8; maxlength: 14; max-consecutive: 3; required: lower; required: upper; required: digit; required: [!#$%*^_];"
    },
    "fedex.com": {
        "password-rules": "minlength: 8; max-consecutive: 3; required: lower; required: upper; required: digit; allowed: [-!@#$%^&*_+=`|(){}[:;,.?]];"
    },
    "fidelity.com": {
        "password-rules": "minlength: 6; maxlength: 20; required: lower; required: upper; required: digit; required: [-!$%+,./:;=?@^_|]; max-consecutive: 2;"
    },
    "flysas.com": {
        "password-rules": "minlength: 8; maxlength: 14; required: lower; required: upper; required: digit; required: [-~!@#$%^&_+=`|(){}[:\"'<>,.?]];"
    },
    "fnac.com": {
        "password-rules": "minlength: 8; required: lower; required: upper; required: digit;"
    },
    "fuelrewards.com": {
        "password-rules": "minlength: 8; maxlength: 16; allowed: upper,lower,digit,[!#$%@];"
    },
    "gamestop.com": {
        "password-rules": "minlength: 8; maxlength: 225; required: lower; required: upper; required: digit; required: [!@#$%];"
    },
    "gap.com": {
        "password-rules": "minlength: 8; maxlength: 24; required: lower; required: upper; required: digit; required: [-!@#$%^&*()_+];"
    },
    "garmin.com": {
        "password-rules": "minlength: 8; required: lower; required: upper; required: digit;"
    },
    "getflywheel.com": {
        "password-rules": "minlength: 7; maxlength: 72;"
    },
    "girlscouts.org": {
        "password-rules": "minlength: 8; maxlength: 16; required: lower; required: upper; required: digit; allowed: [$#!];"
    },
    "gmx.net": {
        "password-rules": "minlength: 8; maxlength: 40; allowed: lower, upper, digit, [-<=>~!|()@#{}$%,.?^'&*_+`:;\"[]];"
    },
    "gocurb.com": {
        "password-rules": "minlength: 8; required: lower; required: upper; required: digit; required: [$%&#*?!@^];"
    },
    "google.com": {
        "password-rules": "minlength: 8; allowed: lower, upper, digit, [-!\"#$%&'()*+,./:;<=>?@[^_{|}~]];"
    },
    "guardiananytime.com": {
        "password-rules": "minlength: 8; maxlength: 50; max-consecutive: 2; required: lower; required: upper; required: digit, [-~!@#$%^&*_+=`|(){}[:;,.?]];"
    },
    "gwl.greatwestlife.com": {
        "password-rules": "minlength: 8; required: lower; required: upper; required: digit; required: [-!#$%_=+<>];"
    },
    "haggen.com": {
        "password-rules": "minlength: 8; maxlength: 40; required: upper; required: [!#$%&*@^]; allowed: lower,digit;"
    },
    "hangseng.com": {
        "password-rules": "minlength: 8; maxlength: 30; required: lower; required: upper; required: digit;"
    },
    "hawaiianairlines.com": {
        "password-rules": "maxlength: 16;"
    },
    "hertz-japan.com": {
        "password-rules": "minlength: 8; maxlength: 30; max-consecutive: 3; required: lower; required: upper; required: digit; required: [#$%^&!@];"
    },
    "hertz-kuwait.com": {
        "password-rules": "minlength: 8; maxlength: 30; max-consecutive: 3; required: lower; required: upper; required: digit; required: [#$%^&!@];"
    },
    "hertz-saudi.com": {
        "password-rules": "minlength: 8; maxlength: 30; max-consecutive: 3; required: lower; required: upper; required: digit; required: [#$%^&!@];"
    },
    "hertz.at": {
        "password-rules": "minlength: 8; maxlength: 30; max-consecutive: 3; required: lower; required: upper; required: digit; required: [#$%^&!@];"
    },
    "hertz.be": {
        "password-rules": "minlength: 8; maxlength: 30; max-consecutive: 3; required: lower; required: upper; required: digit; required: [#$%^&!@];"
    },
    "hertz.bh": {
        "password-rules": "minlength: 8; maxlength: 30; max-consecutive: 3; required: lower; required: upper; required: digit; required: [#$%^&!@];"
    },
    "hertz.ca": {
        "password-rules": "minlength: 8; maxlength: 30; max-consecutive: 3; required: lower; required: upper; required: digit; required: [#$%^&!@];"
    },
    "hertz.ch": {
        "password-rules": "minlength: 8; maxlength: 30; max-consecutive: 3; required: lower; required: upper; required: digit; required: [#$%^&!@];"
    },
    "hertz.cn": {
        "password-rules": "minlength: 8; maxlength: 30; max-consecutive: 3; required: lower; required: upper; required: digit; required: [#$%^&!@];"
    },
    "hertz.co.ao": {
        "password-rules": "minlength: 8; maxlength: 30; max-consecutive: 3; required: lower; required: upper; required: digit; required: [#$%^&!@];"
    },
    "hertz.co.id": {
        "password-rules": "minlength: 8; maxlength: 30; max-consecutive: 3; required: lower; required: upper; required: digit; required: [#$%^&!@];"
    },
    "hertz.co.kr": {
        "password-rules": "minlength: 8; maxlength: 30; max-consecutive: 3; required: lower; required: upper; required: digit; required: [#$%^&!@];"
    },
    "hertz.co.nz": {
        "password-rules": "minlength: 8; maxlength: 30; max-consecutive: 3; required: lower; required: upper; required: digit; required: [#$%^&!@];"
    },
    "hertz.co.th": {
        "password-rules": "minlength: 8; maxlength: 30; max-consecutive: 3; required: lower; required: upper; required: digit; required: [#$%^&!@];"
    },
    "hertz.co.uk": {
        "password-rules": "minlength: 8; maxlength: 30; max-consecutive: 3; required: lower; required: upper; required: digit; required: [#$%^&!@];"
    },
    "hertz.com": {
        "password-rules": "minlength: 8; maxlength: 30; max-consecutive: 3; required: lower; required: upper; required: digit; required: [#$%^&!@];"
    },
    "hertz.com.au": {
        "password-rules": "minlength: 8; maxlength: 30; max-consecutive: 3; required: lower; required: upper; required: digit; required: [#$%^&!@];"
    },
    "hertz.com.bh": {
        "password-rules": "minlength: 8; maxlength: 30; max-consecutive: 3; required: lower; required: upper; required: digit; required: [#$%^&!@];"
    },
    "hertz.com.hk": {
        "password-rules": "minlength: 8; maxlength: 30; max-consecutive: 3; required: lower; required: upper; required: digit; required: [#$%^&!@];"
    },
    "hertz.com.kw": {
        "password-rules": "minlength: 8; maxlength: 30; max-consecutive: 3; required: lower; required: upper; required: digit; required: [#$%^&!@];"
    },
    "hertz.com.mt": {
        "password-rules": "minlength: 8; maxlength: 30; max-consecutive: 3; required: lower; required: upper; required: digit; required: [#$%^&!@];"
    },
    "hertz.com.pl": {
        "password-rules": "minlength: 8; maxlength: 30; max-consecutive: 3; required: lower; required: upper; required: digit; required: [#$%^&!@];"
    },
    "hertz.com.pt": {
        "password-rules": "minlength: 8; maxlength: 30; max-consecutive: 3; required: lower; required: upper; required: digit; required: [#$%^&!@];"
    },
    "hertz.com.sg": {
        "password-rules": "minlength: 8; maxlength: 30; max-consecutive: 3; required: lower; required: upper; required: digit; required: [#$%^&!@];"
    },
    "hertz.com.tw": {
        "password-rules": "minlength: 8; maxlength: 30; max-consecutive: 3; required: lower; required: upper; required: digit; required: [#$%^&!@];"
    },
    "hertz.cv": {
        "password-rules": "minlength: 8; maxlength: 30; max-consecutive: 3; required: lower; required: upper; required: digit; required: [#$%^&!@];"
    },
    "hertz.cz": {
        "password-rules": "minlength: 8; maxlength: 30; max-consecutive: 3; required: lower; required: upper; required: digit; required: [#$%^&!@];"
    },
    "hertz.de": {
        "password-rules": "minlength: 8; maxlength: 30; max-consecutive: 3; required: lower; required: upper; required: digit; required: [#$%^&!@];"
    },
    "hertz.ee": {
        "password-rules": "minlength: 8; maxlength: 30; max-consecutive: 3; required: lower; required: upper; required: digit; required: [#$%^&!@];"
    },
    "hertz.es": {
        "password-rules": "minlength: 8; maxlength: 30; max-consecutive: 3; required: lower; required: upper; required: digit; required: [#$%^&!@];"
    },
    "hertz.fi": {
        "password-rules": "minlength: 8; maxlength: 30; max-consecutive: 3; required: lower; required: upper; required: digit; required: [#$%^&!@];"
    },
    "hertz.fr": {
        "password-rules": "minlength: 8; maxlength: 30; max-consecutive: 3; required: lower; required: upper; required: digit; required: [#$%^&!@];"
    },
    "hertz.hu": {
        "password-rules": "minlength: 8; maxlength: 30; max-consecutive: 3; required: lower; required: upper; required: digit; required: [#$%^&!@];"
    },
    "hertz.ie": {
        "password-rules": "minlength: 8; maxlength: 30; max-consecutive: 3; required: lower; required: upper; required: digit; required: [#$%^&!@];"
    },
    "hertz.it": {
        "password-rules": "minlength: 8; maxlength: 30; max-consecutive: 3; required: lower; required: upper; required: digit; required: [#$%^&!@];"
    },
    "hertz.jo": {
        "password-rules": "minlength: 8; maxlength: 30; max-consecutive: 3; required: lower; required: upper; required: digit; required: [#$%^&!@];"
    },
    "hertz.lt": {
        "password-rules": "minlength: 8; maxlength: 30; max-consecutive: 3; required: lower; required: upper; required: digit; required: [#$%^&!@];"
    },
    "hertz.nl": {
        "password-rules": "minlength: 8; maxlength: 30; max-consecutive: 3; required: lower; required: upper; required: digit; required: [#$%^&!@];"
    },
    "hertz.no": {
        "password-rules": "minlength: 8; maxlength: 30; max-consecutive: 3; required: lower; required: upper; required: digit; required: [#$%^&!@];"
    },
    "hertz.nu": {
        "password-rules": "minlength: 8; maxlength: 30; max-consecutive: 3; required: lower; required: upper; required: digit; required: [#$%^&!@];"
    },
    "hertz.pl": {
        "password-rules": "minlength: 8; maxlength: 30; max-consecutive: 3; required: lower; required: upper; required: digit; required: [#$%^&!@];"
    },
    "hertz.pt": {
        "password-rules": "minlength: 8; maxlength: 30; max-consecutive: 3; required: lower; required: upper; required: digit; required: [#$%^&!@];"
    },
    "hertz.qa": {
        "password-rules": "minlength: 8; maxlength: 30; max-consecutive: 3; required: lower; required: upper; required: digit; required: [#$%^&!@];"
    },
    "hertz.ru": {
        "password-rules": "minlength: 8; maxlength: 30; max-consecutive: 3; required: lower; required: upper; required: digit; required: [#$%^&!@];"
    },
    "hertz.se": {
        "password-rules": "minlength: 8; maxlength: 30; max-consecutive: 3; required: lower; required: upper; required: digit; required: [#$%^&!@];"
    },
    "hertz.si": {
        "password-rules": "minlength: 8; maxlength: 30; max-consecutive: 3; required: lower; required: upper; required: digit; required: [#$%^&!@];"
    },
    "hertzcaribbean.com": {
        "password-rules": "minlength: 8; maxlength: 30; max-consecutive: 3; required: lower; required: upper; required: digit; required: [#$%^&!@];"
    },
    "hetzner.com": {
        "password-rules": "minlength: 8; required: lower; required: upper; required: digit; required: [-^!$%/()=?+#.,;:~*@{}_&[]];"
    },
    "hilton.com": {
        "password-rules": "minlength: 8; maxlength: 32; required: lower; required: upper; required: digit;"
    },
    "hkbea.com": {
        "password-rules": "minlength: 8; maxlength: 12; required: lower; required: upper; required: digit;"
    },
    "hkexpress.com": {
        "password-rules": "minlength: 8; maxlength: 15; required: lower; required: upper; required: digit; required: special;"
    },
    "hotels.com": {
        "password-rules": "minlength: 6; maxlength: 20; required: digit; required: [-~#@$%&!*_?^]; allowed: lower, upper;"
    },
    "hotwire.com": {
        "password-rules": "minlength: 6; maxlength: 30; allowed: lower, upper, digit, [-~!@#$%^&*_+=`|(){}[:;\"'<>,.?]];"
    },
    "hrblock.com": {
        "password-rules": "minlength: 8; required: lower; required: upper; required: digit; required: [$#%!];"
    },
    "hsbc.com.hk": {
        "password-rules": "minlength: 6; maxlength: 30; required: lower; required: upper; required: digit; allowed: ['.@_];"
    },
    "hsbc.com.my": {
        "password-rules": "minlength: 8; maxlength: 30; required: lower, upper; required: digit; allowed: [-!$*.=?@_'];"
    },
    "hypovereinsbank.de": {
        "password-rules": "minlength: 6; maxlength: 10; required: lower, upper, digit; allowed: [!\"#$%&()*+:;<=>?@[{}~]];"
    },
    "hyresbostader.se": {
        "password-rules": "minlength: 6; maxlength: 20; required: lower, upper; required: digit;"
    },
    "ichunqiu.com": {
        "password-rules": "minlength: 8; maxlength: 20; required: lower; required: upper; required: digit;"
    },
    "id.nfpa.org": {
        "password-rules": "minlength: 8; maxlength: 16; required: lower; required: upper; required: digit; required: [-\"^#$%&'()*+:=@[_|{}~]];"
    },
    "id.sonyentertainmentnetwork.com": {
        "password-rules": "minlength: 8; maxlength: 30; required: lower, upper; required: digit; allowed: [-!@#^&*=+;:];"
    },
    "id.westfield.com": {
        "password-rules": "minlength: 9; maxlength: 20; required: lower; required: upper; required: digit; required: [!\"#&'()*,./:;?@[\\^_`{|}~];"
    },
    "identity.codesignal.com": {
        "password-rules": "minlength: 14; required: digit; required: lower, upper; required: [!#$%&*@^]"
    },
    "identitytheft.gov": {
        "password-rules": "allowed: lower, upper, digit, [!#%&*@^];"
    },
    "idestination.info": {
        "password-rules": "maxlength: 15;"
    },
    "impots.gouv.fr": {
        "password-rules": "minlength: 12; maxlength: 128; required: lower; required: digit; allowed: [-!#$%&*+/=?^_'.{|}];"
    },
    "indochino.com": {
        "password-rules": "minlength: 6; maxlength: 15; required: upper; required: digit; allowed: lower, special;"
    },
    "inntopia.travel": {
        "password-rules": "minlength: 7; maxlength: 19; required: digit; allowed: upper,lower,[-];"
    },
    "internationalsos.com": {
        "password-rules": "required: lower; required: upper; required: digit; required: [@#$%^&+=_];"
    },
    "irctc.co.in": {
        "password-rules": "minlength: 8; maxlength: 15; required: lower; required: upper; required: digit; required: [!@#$%^&*()+];"
    },
    "irs.gov": {
        "password-rules": "minlength: 8; maxlength: 32; required: lower; required: upper; required: digit; required: [!#$%&*@];"
    },
    "jal.co.jp": {
        "password-rules": "minlength: 8; maxlength: 16;"
    },
    "japanpost.jp": {
        "password-rules": "minlength: 8; maxlength: 16; required: digit; required: upper,lower;"
    },
    "jewelosco.com": {
        "password-rules": "minlength: 8; maxlength: 40; required: upper; required: [!#$%&*@^]; allowed: lower,digit;"
    },
    "jordancu-onlinebanking.org": {
        "password-rules": "minlength: 6; maxlength: 32; allowed: upper, lower, digit,[-!\"#$%&'()*+,.:;<=>?@[^_`{|}~]];"
    },
    "keldoc.com": {
        "password-rules": "minlength: 12; required: lower; required: upper; required: digit; required: [!@#$%^&*];"
    },
    "kennedy-center.org": {
        "password-rules": "minlength: 8; required: lower; required: upper; required: digit; required: [!#$%&*?@];"
    },
    "key.harvard.edu": {
        "password-rules": "minlength: 10; maxlength: 100; required: lower; required: upper; required: digit; allowed: [-@_#!&$`%*+()./,;~:{}|?>=<^[']];"
    },
    "kfc.ca": {
        "password-rules": "minlength: 6; maxlength: 15; required: lower; required: upper; required: digit; required: [!@#$%&?*];"
    },
    "kiehls.com": {
        "password-rules": "minlength: 8; maxlength: 25; required: lower; required: upper; required: digit; required: [!#$%&?@];"
    },
    "kingsfoodmarkets.com": {
        "password-rules": "minlength: 8; maxlength: 40; required: upper; required: [!#$%&*@^]; allowed: lower,digit;"
    },
    "klm.com": {
        "password-rules": "minlength: 8; maxlength: 12;"
    },
    "kundenportal.edeka-smart.de": {
        "password-rules": "minlength: 8; maxlength: 16; required: digit; required: upper, lower; required: [!\"§$%&#];"
    },
    "la-z-boy.com": {
        "password-rules": "minlength: 6; maxlength: 15; required: lower, upper; required: digit;"
    },
    "labcorp.com": {
        "password-rules": "minlength: 8; maxlength: 20; required: upper; required: lower; required: digit; required: [!@#$%^&*];"
    },
    "ladwp.com": {
        "password-rules": "minlength: 8; maxlength: 20; required: digit; allowed: lower, upper;"
    },
    "launtel.net.au": {
        "password-rules": "minlength: 8; required: digit; required: digit; allowed: lower, upper;"
    },
    "leetchi.com": {
        "password-rules": "minlength: 8; required: lower; required: upper; required: digit; required: [!#$%&()*+,./:;<>?@\"_];"
    },
    "lepida.it": {
        "password-rules": "minlength: 8; maxlength: 16; max-consecutive: 2; required: lower; required: upper; required: digit; required: [-!\"#$%&'()*+,.:;<=>?@[^_`{|}~]];"
    },
    "lg.com": {
        "password-rules": "minlength: 8; maxlength: 16; required: lower; required: upper; required: digit; allowed: [-!#$%&'()*+,.:;=?@[^_{|}~]];"
    },
    "linearity.io": {
        "password-rules": "minlength: 8; required: lower; required: upper; required: digit; required: special;"
    },
    "live.com": {
        "password-rules": "minlength: 8; required: lower; required: upper; required: digit; allowed: [-@_#!&$`%*+()./,;~:{}|?>=<^'[]];"
    },
    "lloydsbank.co.uk": {
        "password-rules": "minlength: 8; maxlength: 15; required: lower; required: digit; allowed: upper;"
    },
    "lowes.com": {
        "password-rules": "minlength: 8; maxlength: 128; max-consecutive: 3; required: lower, upper; required: digit;"
    },
    "loyalty.accor.com": {
        "password-rules": "minlength: 8; required: lower; required: upper; required: digit; required: [!#$%&=@];"
    },
    "lsacsso.b2clogin.com": {
        "password-rules": "minlength: 8; maxlength: 16; required: lower; required: upper; required: digit, [-!#$%&*?@^_];"
    },
    "lufthansa.com": {
        "password-rules": "minlength: 8; maxlength: 32; required: lower; required: upper; required: digit; required: [!#$%&()*+,./:;<>?@\"_];"
    },
    "lufthansagroup.careers": {
        "password-rules": "minlength: 12; required: lower; required: upper; required: digit; required: [!#$%&*?@];"
    },
    "macys.com": {
        "password-rules": "minlength: 7; maxlength: 16; allowed: lower, upper, digit, [~!@#$%^&*+`(){}[:;\"'<>?]];"
    },
    "mailbox.org": {
        "password-rules": "minlength: 8; required: lower; required: upper; required: digit; allowed: [-!$\"%&/()=*+#.,;:@?{}[]];"
    },
    "makemytrip.com": {
        "password-rules": "minlength: 8; required: lower; required: upper; required: digit; required: [@$!%*#?&];"
    },
    "marriott.com": {
        "password-rules": "minlength: 8; maxlength: 20; required: lower; required: upper; required: digit; allowed: [$!#&@?%=];"
    },
    "maybank2u.com.my": {
        "password-rules": "minlength: 8; maxlength: 12; max-consecutive: 2; required: lower; required: upper; required: digit; required: [-~!@#$%^&*_+=`|(){}[:;\"'<>,.?];"
    },
    "medicare.gov": {
        "password-rules": "minlength: 8; maxlength: 16; required: lower; required: upper; required: digit; required: [@!$%^*()];"
    },
    "meineschufa.de": {
        "password-rules": "minlength: 10; required: lower; required: upper; required: digit; required: [!?#%$];"
    },
    "member.everbridge.net": {
        "password-rules": "minlength: 8; required: lower, upper; required: digit; allowed: [!@#$%^&*()];"
    },
    "metlife.com": {
        "password-rules": "minlength: 6; maxlength: 20;"
    },
    "microsoft.com": {
        "password-rules": "minlength: 8; required: lower; required: upper; required: digit; required: special;"
    },
    "milogin.michigan.gov": {
        "password-rules": "minlength: 8; required: lower; required: upper; required: digit; required: [@#$!~&];"
    },
    "mintmobile.com": {
        "password-rules": "minlength: 8; maxlength: 20; required: lower; required: upper; required: digit; required: special; allowed: [!#$%&()*+:;=@[^_`{}~]];"
    },
    "mlb.com": {
        "password-rules": "minlength: 8; maxlength: 15; required: lower; required: upper; required: digit;"
    },
    "mountainwarehouse.com": {
        "password-rules": "minlength: 8; maxlength: 16; required: lower; required: upper; required: digit; allowed: [-@#$%^&*_+={}|\\:',?/`~\"();.];"
    },
    "mpv.tickets.com": {
        "password-rules": "minlength: 8; maxlength: 15; required: lower; required: upper; required: digit;"
    },
    "museumofflight.org": {
        "password-rules": "minlength: 8; maxlength: 15;"
    },
    "my.konami.net": {
        "password-rules": "minlength: 8; maxlength: 32; required: lower; required: upper; required: digit;"
    },
    "myaccess.dmdc.osd.mil": {
        "password-rules": "minlength: 9; maxlength: 20; required: lower; required: upper; required: digit; allowed: [-@_#!&$`%*+()./,;~:{}|?>=<^'[]];"
    },
    "mybam.bcbsnm.com": {
        "password-rules": "minlength: 8; maxlength: 64; max-consecutive: 2; required: lower; required: upper; required: digit; allowed: [!#$%&()*@[^{}~];"
    },
    "mygoodtogo.com": {
        "password-rules": "minlength: 8; maxlength: 16; required: lower, upper, digit;"
    },
    "myhealthrecord.com": {
        "password-rules": "minlength: 8; maxlength: 20; allowed: lower, upper, digit, [_.!$*=];"
    },
    "mypatientvisit.com": {
        "password-rules": "minlength: 8; required: lower; required: upper; required: digit; required: [!#$%&*+.;?@^_~];"
    },
    "mypay.dfas.mil": {
        "password-rules": "minlength: 9; maxlength: 30; required: lower; required: upper; required: digit; required: [#@$%^!*+=_];"
    },
    "mysavings.breadfinancial.com": {
        "password-rules": "minlength: 8; maxlength: 25; required: lower; required: upper; required: digit; required: [+_%@!$*~];"
    },
    "mysedgwick.com": {
        "password-rules": "minlength: 8; maxlength: 16; allowed: lower; required: upper; required: digit; required: [@#%^&+=!]; allowed: [-~_$.,;]"
    },
    "mysubaru.com": {
        "password-rules": "minlength: 8; maxlength: 15; required: lower; required: upper; required: digit; allowed: [!#$%()*+,./:;=?@\\^`~];"
    },
    "naver.com": {
        "password-rules": "minlength: 6; maxlength: 16;"
    },
    "nekochat.cn": {
        "password-rules": "minlength: 8; maxlength: 15; required: lower; required: upper; required: digit;"
    },
    "nelnet.net": {
        "password-rules": "minlength: 8; maxlength: 15; required: lower; required: upper; required: digit, [!@#$&*];"
    },
    "netflix.com": {
        "password-rules": "minlength: 4; maxlength: 60; required: lower, upper, digit; allowed: special;"
    },
    "netgear.com": {
        "password-rules": "minlength: 6; maxlength: 128; allowed: lower, upper, digit, [!@#$%^&*()];"
    },
    "nicovideo.jp": {
        "password-rules": "minlength: 12; maxlength: 32;"
    },
    "nowinstock.net": {
        "password-rules": "minlength: 6; maxlength: 20; allowed: lower, upper, digit;"
    },
    "order.wendys.com": {
        "password-rules": "minlength: 6; maxlength: 20; required: lower; required: upper; required: digit; allowed: [!#$%&()*+/=?^_{}];"
    },
    "ototoy.jp": {
        "password-rules": "minlength: 8; allowed: upper,lower,digit,[- .=_];"
    },
    "packageconciergeadmin.com": {
        "password-rules": "minlength: 4; maxlength: 4; allowed: digit;"
    },
    "pavilions.com": {
        "password-rules": "minlength: 8; maxlength: 40; required: upper; required: [!#$%&*@^]; allowed: lower,digit;"
    },
    "paypal.com": {
        "password-rules": "minlength: 8; maxlength: 20; max-consecutive: 3; required: lower, upper; required: digit, [!@#$%^&*()];"
    },
    "payvgm.youraccountadvantage.com": {
        "password-rules": "minlength: 8; required: lower; required: upper; required: digit; required: special;"
    },
    "pilotflyingj.com": {
        "password-rules": "minlength: 7; required: digit; allowed: lower, upper;"
    },
    "pixnet.cc": {
        "password-rules": "minlength: 4; maxlength: 16; allowed: lower, upper;"
    },
    "planetary.org": {
        "password-rules": "minlength: 5; maxlength: 20; required: lower; required: upper; required: digit; allowed: ascii-printable;"
    },
    "plazapremiumlounge.com": {
        "password-rules": "minlength: 8; maxlength: 15; required: lower; required: upper; required: digit; allowed: [!#$%&*,@^];"
    },
    "portal.edd.ca.gov": {
        "password-rules": "minlength: 8; required: lower; required: upper; required: digit; required: [!#$%&()*@^];"
    },
    "portals.emblemhealth.com": {
        "password-rules": "minlength: 8; required: lower; required: upper; required: digit; required: [!#$%&'()*+,./:;<>?@\\^_`{|}~[]];"
    },
    "portlandgeneral.com": {
        "password-rules": "minlength: 8; maxlength: 16; required: lower; required: upper; required: digit; allowed: [!#$%&*?@];"
    },
    "poste.it": {
        "password-rules": "minlength: 8; maxlength: 16; max-consecutive: 2; required: lower; required: upper; required: digit; required: special;"
    },
    "posteo.de": {
        "password-rules": "minlength: 8; required: lower; required: upper; required: digit, [-~!#$%&_+=|(){}[:;\"’<>,.? ]];"
    },
    "powells.com": {
        "password-rules": "minlength: 8; maxlength: 16; required: lower; required: upper; required: digit; required: [\"!@#$%^&*(){}[]];"
    },
    "preferredhotels.com": {
        "password-rules": "minlength: 8; required: lower; required: upper; required: digit; required: [!#$%&()*+@^_];"
    },
    "premier.ticketek.com.au": {
        "password-rules": "minlength: 6; maxlength: 16;"
    },
    "premierinn.com": {
        "password-rules": "minlength: 8; required: upper; required: digit; allowed: lower;"
    },
    "prepaid.bankofamerica.com": {
        "password-rules": "minlength: 8; maxlength: 16; required: lower; required: upper; required: digit; required: [!@#$%^&*()+~{}'\";:<>?];"
    },
    "prestocard.ca": {
        "password-rules": "minlength: 8; required: lower; required: upper; required: digit,[!\"#$%&'()*+,<>?@];"
    },
    "pret.com": {
        "password-rules": "minlength: 12; required: lower; required: digit; required: [@$!%*#?&]; allowed: upper;"
    },
    "promozoneapp.nmlottery.com": {
        "password-rules": "minlength: 6; maxlength: 16; required: lower; required: upper; required: digit; allowed: special;"
    },
    "propelfuels.com": {
        "password-rules": "minlength: 6; maxlength: 16;"
    },
    "publix.com": {
        "password-rules": "minlength: 8; maxlength: 28; required: upper; required: lower; allowed: digit,[!#$%*@^];"
    },
    "qdosstatusreview.com": {
        "password-rules": "minlength: 8; required: lower; required: upper; required: digit; required: [!#$%&@^];"
    },
    "questdiagnostics.com": {
        "password-rules": "minlength: 8; maxlength: 30; required: upper, lower; required: digit, [!#$%&()*+<>?@^_~];"
    },
    "randalls.com": {
        "password-rules": "minlength: 8; maxlength: 40; required: upper; required: [!#$%&*@^]; allowed: lower,digit;"
    },
    "rejsekort.dk": {
        "password-rules": "minlength: 7; maxlength: 15; required: lower; required: upper; required: digit;"
    },
    "renaud-bray.com": {
        "password-rules": "minlength: 8; maxlength: 38; allowed: upper,lower,digit;"
    },
    "ring.com": {
        "password-rules": "minlength: 8; required: lower; required: upper; required: digit; required: [!@#$%^&*<>?];"
    },
    "riteaid.com": {
        "password-rules": "minlength: 8; maxlength: 15; required: lower; required: upper; required: digit;"
    },
    "robinhood.com": {
        "password-rules": "minlength: 10;"
    },
    "rogers.com": {
        "password-rules": "minlength: 8; required: lower, upper; required: digit; required: [!@#$];"
    },
    "ruc.dk": {
        "password-rules": "minlength: 6; maxlength: 8; required: lower, upper; required: [-!#%&(){}*+;%/<=>?_];"
    },
    "runescape.com": {
        "password-rules": "minlength: 5; maxlength: 20; required: lower; required: upper; required: digit;"
    },
    "ruten.com.tw": {
        "password-rules": "minlength: 6; maxlength: 15; required: lower, upper;"
    },
    "safeway.com": {
        "password-rules": "minlength: 8; maxlength: 40; required: upper; required: [!#$%&*@^]; allowed: lower,digit;"
    },
    "salslimo.com": {
        "password-rules": "minlength: 8; maxlength: 50; required: upper; required: lower; required: digit; required: [!@#$&*];"
    },
    "santahelenasaude.com.br": {
        "password-rules": "minlength: 8; maxlength: 15; required: lower; required: upper; required: digit; required: [-!@#$%&*_+=<>];"
    },
    "santander.de": {
        "password-rules": "minlength: 8; maxlength: 12; required: lower, upper; required: digit; allowed: [-!#$%&'()*,.:;=?^{}];"
    },
    "savemart.com": {
        "password-rules": "minlength: 8; maxlength: 12; required: digit; required: upper,lower; required: [!#$%&@]; allowed: ascii-printable;"
    },
    "sbisec.co.jp": {
        "password-rules": "minlength: 10; maxlength: 20; allowed: upper,lower,digit;"
    },
    "secure-arborfcu.org": {
        "password-rules": "minlength: 8; maxlength: 15; required: lower; required: upper; required: digit; required: [!#$%&'()+,.:?@[_`~]];"
    },
    "secure.orclinic.com": {
        "password-rules": "minlength: 6; maxlength: 15; required: lower; required: digit; allowed: ascii-printable;"
    },
    "secure.snnow.ca": {
        "password-rules": "minlength: 7; maxlength: 16; required: digit; allowed: lower, upper;"
    },
    "security-settings.web.vanguard.com": {
        "password-rules": "minlength: 8; maxlength: 20; required: lower; required: upper; required: digit; required: special;"
    },
    "sephora.com": {
        "password-rules": "minlength: 6; maxlength: 12;"
    },
    "serviziconsolari.esteri.it": {
        "password-rules": "minlength: 8; maxlength: 16; required: lower; required: upper; required: digit; required: special;"
    },
    "servizioelettriconazionale.it": {
        "password-rules": "minlength: 8; maxlength: 20; required: lower; required: upper; required: digit; required: [!#$%&*?@^_~];"
    },
    "sfwater.org": {
        "password-rules": "minlength: 10; maxlength: 30; required: digit; allowed: lower, upper, [!@#$%*()_+^}{:;?.];"
    },
    "shaws.com": {
        "password-rules": "minlength: 8; maxlength: 40; required: upper; required: [!#$%&*@^]; allowed: lower,digit;"
    },
    "signin.ea.com": {
        "password-rules": "minlength: 8; maxlength: 64; required: lower, upper; required: digit; allowed: [-!@#^&*=+;:];"
    },
    "sjwaterhub.com": {
        "password-rules": "minlength: 8; maxlength: 30; required: digit, lower, upper; allowed: [!#%&*.];"
    },
    "southwest.com": {
        "password-rules": "minlength: 8; maxlength: 16; required: upper; required: digit; allowed: lower, [!@#$%^*(),.;:/\\];"
    },
    "speedway.com": {
        "password-rules": "minlength: 4; maxlength: 8; required: digit;"
    },
    "spirit.com": {
        "password-rules": "minlength: 8; maxlength: 16; required: lower; required: upper; required: digit; required: [!@#$%^&*()];"
    },
    "splunk.com": {
        "password-rules": "minlength: 8; maxlength: 64; required: lower; required: upper; required: digit; required: [-!@#$%&*_+=<>];"
    },
    "ssa.gov": {
        "password-rules": "required: lower; required: upper; required: digit; required: [~!@#$%^&*];"
    },
    "starmarket.com": {
        "password-rules": "minlength: 8; maxlength: 40; required: upper; required: [!#$%&*@^]; allowed: lower,digit;"
    },
    "store.nintendo.co.uk": {
        "password-rules": "minlength: 8; maxlength: 20;"
    },
    "store.nvidia.com": {
        "password-rules": "minlength: 8; maxlength: 32; required: lower; required: upper; required: digit; required: [-!@#$%^*~:;&><[{}|_+=?]];"
    },
    "store.steampowered.com": {
        "password-rules": "minlength: 6; required: lower; required: upper; required: digit; allowed: [~!@#$%^&*];"
    },
    "subscribe.free.fr": {
        "password-rules": "minlength: 8; maxlength: 16; required: lower; required: upper; required: digit; required: [!#&()*+/@[_]];"
    },
    "successfactors.eu": {
        "password-rules": "minlength: 8; maxlength: 18; required: lower; required: upper; required: digit,[-!\"#$%&'()*+,.:;<=>?@[^_`{|}~]];"
    },
    "sulamericaseguros.com.br": {
        "password-rules": "minlength: 6; maxlength: 6;"
    },
    "sunlife.com": {
        "password-rules": "minlength: 8; maxlength: 10; required: digit; required: lower, upper;"
    },
    "t-mobile.net": {
        "password-rules": "minlength: 8; maxlength: 16;"
    },
    "target.com": {
        "password-rules": "minlength: 8; maxlength: 20; required: lower, upper; required: digit, [-!\"#$%&'()*+,./:;=?@[\\^_`{|}~];"
    },
    "tdscpc.gov.in": {
        "password-rules": "minlength: 8; maxlength: 15; required: lower; required: upper; required: digit; required: [ &',;\"];"
    },
    "telekom-dienste.de": {
        "password-rules": "minlength: 8; maxlength: 16; required: lower; required: upper; required: digit; required: [#$%&()*+,./<=>?@_{|}~];"
    },
    "thameswater.co.uk": {
        "password-rules": "minlength: 8; maxlength: 16; required: lower; required: upper; required: digit; required: special;"
    },
    "themovingportal.co.uk": {
        "password-rules": "minlength: 8; maxlength: 16; required: lower; required: upper; required: digit; allowed: [-@#$%^&*_+={}|\\:',?/'~\" ();.[]];"
    },
    "ticketweb.com": {
        "password-rules": "minlength: 12; maxlength: 15;"
    },
    "tix.soundrink.com": {
        "password-rules": "minlength: 6; maxlength: 16;"
    },
    "tomthumb.com": {
        "password-rules": "minlength: 8; maxlength: 40; required: upper; required: [!#$%&*@^]; allowed: lower,digit;"
    },
    "training.confluent.io": {
        "password-rules": "minlength: 6; maxlength: 16; required: lower; required: upper; required: digit; allowed: [!#$%*@^_~];"
    },
    "treasurer.mo.gov": {
        "password-rules": "minlength: 8; maxlength: 26; required: lower; required: upper; required: digit; required: [!#$&];"
    },
    "truist.com": {
        "password-rules": "minlength: 8; maxlength: 28; max-consecutive: 2; required: lower; required: upper; required: digit; required: [!#$%()*,:;=@_];"
    },
    "turkishairlines.com": {
        "password-rules": "minlength: 6; maxlength: 6; required: digit; max-consecutive: 3;"
    },
    "twitch.tv": {
        "password-rules": "minlength: 8; maxlength: 71;"
    },
    "twitter.com": {
        "password-rules": "minlength: 8;"
    },
    "ubisoft.com": {
        "password-rules": "minlength: 8; maxlength: 16; required: lower; required: upper; required: digit; required: [-]; required: [!@#$%^&*()+];"
    },
    "udel.edu": {
        "password-rules": "minlength: 12; maxlength: 30; required: lower; required: upper; required: digit; required: [!@#$%^&*()+];"
    },
    "umterps.evenue.net": {
        "password-rules": "minlength: 14; required: digit; required: upper; required: lower; required: [-~!@#$%^&*_+=`|(){}:;];"
    },
    "unito.it": {
        "password-rules": "minlength: 8; required: upper; required: lower; required: digit; required: [-!?+*/:;'\"{}()@£$%&=^#[]];"
    },
    "user.ornl.gov": {
        "password-rules": "minlength: 8; maxlength: 30; max-consecutive: 3; required: lower, upper; required: digit; allowed: [!#$%./_];"
    },
    "usps.com": {
        "password-rules": "minlength: 8; maxlength: 50; max-consecutive: 2; required: lower; required: upper; required: digit; allowed: [-!\"#&'()+,./?@];"
    },
    "vanguard.com": {
        "password-rules": "minlength: 6; maxlength: 20; required: lower; required: upper; required: digit; required: digit;"
    },
    "vanguardinvestor.co.uk": {
        "password-rules": "minlength: 8; maxlength: 50; required: lower; required: upper; required: digit; required: digit;"
    },
    "ventrachicago.com": {
        "password-rules": "minlength: 8; required: lower; required: upper; required: digit, [!@#$%^];"
    },
    "verizonwireless.com": {
        "password-rules": "minlength: 8; maxlength: 20; required: lower, upper; required: digit; allowed: unicode;"
    },
    "vetsfirstchoice.com": {
        "password-rules": "minlength: 8; required: lower; required: upper; required: digit; allowed: [?!@$%^+=&];"
    },
    "vince.com": {
        "password-rules": "minlength: 8; required: digit; required: lower; required: upper; required: [$%/(){}=?!.,_*|+~#[]];"
    },
    "virginmobile.ca": {
        "password-rules": "minlength: 8; required: lower; required: upper; required: digit; required: [!#$@];"
    },
    "visa.com": {
        "password-rules": "minlength: 6; maxlength: 32;"
    },
    "visabenefits-auth.axa-assistance.us": {
        "password-rules": "minlength: 8; required: lower; required: upper; required: digit; required: [!\"#$%&()*,.:<>?@^{|}];"
    },
    "vivo.com.br": {
        "password-rules": "maxlength: 6; max-consecutive: 3; allowed: digit;"
    },
    "volaris.com": {
        "password-rules": "minlength: 8; maxlength: 16; required: lower; required: upper; required: digit; required: special;"
    },
    "vons.com": {
        "password-rules": "minlength: 8; maxlength: 40; required: upper; required: [!#$%&*@^]; allowed: lower,digit;"
    },
    "wa.aaa.com": {
        "password-rules": "minlength: 8; maxlength: 16; required: lower; required: upper; required: digit; allowed: ascii-printable;"
    },
    "walkhighlands.co.uk": {
        "password-rules": "minlength: 9; maxlength: 15; required: lower; required: upper; required: digit; allowed: special;"
    },
    "walmart.com": {
        "password-rules": "allowed: lower, upper, digit, [-(~!@#$%^&*_+=`|(){}[:;\"'<>,.?]];"
    },
    "waze.com": {
        "password-rules": "minlength: 8; maxlength: 64; required: lower, upper, digit;"
    },
    "wccls.org": {
        "password-rules": "minlength: 4; maxlength: 16; allowed: lower, upper, digit;"
    },
    "web.de": {
        "password-rules": "minlength: 8; maxlength: 40; allowed: lower, upper, digit, [-<=>~!|()@#{}$%,.?^'&*_+`:;\"[]];"
    },
    "wegmans.com": {
        "password-rules": "minlength: 8; required: digit; required: upper,lower; required: [!#$%&*+=?@^];"
    },
    "weibo.com": {
        "password-rules": "minlength: 6; maxlength: 16;"
    },
    "wellsfargo.com": {
        "password-rules": "minlength: 8; maxlength: 32; required: lower; required: upper; required: digit;"
    },
    "wmata.com": {
        "password-rules": "minlength: 8; required: lower, upper; required: digit; required: digit; required: [-!@#$%^&*~/\"()_=+\\|,.?[]];"
    },
    "worldstrides.com": {
        "password-rules": "minlength: 8; required: lower; required: upper; required: digit; required: [-!#$%&*+=?@^_~];"
    },
    "wsj.com": {
        "password-rules": "minlength: 5; maxlength: 15; required: digit; allowed: lower, upper, [-~!@#$^*_=`|(){}[:;\"'<>,.?]];"
    },
    "xfinity.com": {
        "password-rules": "minlength: 8; maxlength: 16; required: lower, upper; required: digit;"
    },
    "xvoucher.com": {
        "password-rules": "minlength: 11; required: upper; required: digit; required: [!@#$%&_];"
    },
    "yatra.com": {
        "password-rules": "minlength: 8; required: lower; required: upper; required: digit; required: [!#$%&'()+,.:?@[_`~]];"
    },
    "yeti.com": {
        "password-rules": "minlength: 8; required: lower; required: upper; required: digit; required: [#$%*];"
    },
    "zara.com": {
        "password-rules": "minlength: 8; required: lower; required: upper; required: digit;"
    },
    "zdf.de": {
        "password-rules": "minlength: 8; required: upper; required: digit; allowed: lower, special;"
    },
    "zoom.us": {
        "password-rules": "minlength: 8; maxlength: 32; max-consecutive: 6; required: lower; required: upper; required: digit;"
    }
}
