[
    {
        "shared": [
            "aa.com",
            "americanairlines.com",
            "americanairlines.jp"
        ]
    },
    {
        "shared": [
            "aetna.com",
            "banneraetna.myplanportal.com"
        ]
    },
    {
        "shared": [
            "alibaba.com",
            "aliexpress.com"
        ]
    },
    {
        "shared": [
            "alltrails.com",
            "alltrails.io"
        ]
    },
    {
        "shared": [
            "amazon.com",
            "amazon.ae",
            "amazon.com.au",
            "amazon.com.br",
            "amazon.ca",
            "amazon.fr",
            "amazon.de",
            "amazon.in",
            "amazon.it",
            "amazon.com.mx",
            "amazon.nl",
            "amazon.es",
            "amazon.com.tr",
            "amazon.co.uk",
            "amazon.sa",
            "amazon.sg",
            "amazon.se",
            "amazon.pl"
        ]
    },
    {
        "shared": [
            "amcrestcloud.com",
            "amcrestview.com"
        ]
    },
    {
        "shared": [
            "americastestkitchen.com",
            "cooksillustrated.com",
            "cookscountry.com",
            "onlinecookingschool.com"
        ]
    },
    {
        "shared": [
            "ameritrade.com",
            "tdameritrade.com"
        ]
    },
    {
        "shared": [
            "anylist.com",
            "anylistapp.com"
        ]
    },
    {
        "shared": [
            "apple.com",
            "icloud.com"
        ]
    },
    {
        "shared": [
            "atlassian.com",
            "trello.com"
        ]
    },
    {
        "shared": [
            "att.com",
            "att.net"
        ]
    },
    {
        "shared": [
            "audi.com",
            "audiusa.com"
        ]
    },
    {
        "shared": [
            "bahn.de",
            "bahn.com"
        ]
    },
    {
        "shared": [
            "battle.net",
            "blizzard.com"
        ]
    },
    {
        "shared": [
            "beachbodyondemand.com",
            "teambeachbody.com"
        ]
    },
    {
        "shared": [
            "beavercreek.com",
            "breckenridge.com",
            "epicpass.com",
            "keystoneresort.com",
            "kirkwood.com",
            "mountsunapee.com",
            "northstarcalifornia.com",
            "okemo.com",
            "parkcitymountain.com",
            "skicb.com",
            "skiheavenly.com",
            "snow.com",
            "stevenspass.com",
            "stowe.com",
            "vail.com",
            "whistlerblackcomb.com"
        ]
    },
    {
        "shared": [
            "boingo.com",
            "boingohotspot.com"
        ]
    },
    {
        "shared": [
            "bol.com",
            "kobo.com"
        ]
    },
    {
        "shared": [
            "boudinbakery.com",
            "boudincatering.com"
        ]
    },
    {
        "shared": [
            "braze.com",
            "braze.eu"
        ]
    },
    {
        "shared": [
            "capitalone.com",
            "capitalone360.com"
        ]
    },
    {
        "shared": [
            "cathaypacific.com",
            "asiamiles.com"
        ]
    },
    {
        "shared": [
            "citi.com",
            "citibank.com",
            "citibankonline.com"
        ]
    },
    {
        "shared": [
            "comcast.net",
            "xfinity.com"
        ]
    },
    {
        "shared": [
            "curbed.com",
            "grubstreet.com",
            "nymag.com",
            "thecut.com",
            "vulture.com"
        ]
    },
    {
        "shared": [
            "dinersclubnorthamerica.com",
            "dinersclubus.com"
        ]
    },
    {
        "shared": [
            "dish.com",
            "mydish.com",
            "dishnetwork.com"
        ]
    },
    {
        "shared": [
            "docusign.com",
            "docusign.net"
        ]
    },
    {
        "shared": [
            "dropbox.com",
            "getdropbox.com"
        ]
    },
    {
        "shared": [
            "eater.com",
            "polygon.com",
            "sbnation.com",
            "theverge.com"
        ]
    },
    {
        "shared": [
            "eurosport.no",
            "eurosportplayer.com"
        ]
    },
    {
        "shared": [
            "facebook.com",
            "messenger.com"
        ]
    },
    {
        "shared": [
            "fandangonow.com",
            "fandango.com"
        ]
    },
    {
        "shared": [
            "fidelity.com",
            "fidelityinvestments.com"
        ]
    },
    {
        "shared": [
            "flyingblue.com",
            "klm.com"
        ]
    },
    {
        "shared": [
            "fnac.com",
            "fnacspectacles.com"
        ]
    },
    {
        "shared": [
            "fourleaf.net",
            "fourleaf.cl"
        ]
    },
    {
        "shared": [
            "foursquare.com",
            "swarmapp.com"
        ]
    },
    {
        "shared": [
            "glassdoor.ca",
            "glassdoor.com",
            "glassdoor.com.ar"
        ]
    },
    {
        "shared": [
            "gogoair.com",
            "gogoinflight.com"
        ]
    },
    {
        "shared": [
            "igen.fr",
            "watchgeneration.fr",
            "macg.co"
        ]
    },
    {
        "shared": [
            "ikonpass.com",
            "skilynx.com"
        ]
    },
    {
        "shared": [
            "intuit.com",
            "mint.com"
        ]
    },
    {
        "shared": [
            "kaiserpermanente.org",
            "kp.org"
        ]
    },
    {
        "shared": [
            "kclibrary.overdrive.com",
            "kclibrary.bibliocommons.com"
        ]
    },
    {
        "shared": [
            "kcls.bibliocommons.com",
            "kcls.overdrive.com",
            "kcls.org"
        ]
    },
    {
        "shared": [
            "liebherr.com",
            "myliebherr.com"
        ]
    },
    {
        "shared": [
            "logitech.com",
            "logitechg.com",
            "logi.com",
            "astrogaming.com",
            "ultimateears.com"
        ]
    },
    {
        "shared": [
            "lookmark.io",
            "lookmark.link"
        ]
    },
    {
        "shared": [
            "lufthansa.com",
            "miles-and-more.com"
        ]
    },
    {
        "shared": [
            "marriott.com",
            "marriottrewards.com",
            "ritzcarlton.com",
            "spg.com",
            "starwoodhotels.com"
        ]
    },
    {
        "shared": [
            "microsoft.com",
            "live.com",
            "microsoftonline.com",
            "office.com",
            "skype.com",
            "onenote.com",
            "hotmail.com",
            "azure.com"
        ]
    },
    {
        "shared": [
            "minecraft.net",
            "mojang.com"
        ]
    },
    {
        "shared": [
            "mytotalconnectcomfort.com",
            "tccna.honeywell.com"
        ]
    },
    {
        "shared": [
            "myuhc.com",
            "uhc.com",
            "optum.com",
            "optumrx.com"
        ]
    },
    {
        "shared": [
            "neatorama.com",
            "neatoshop.com"
        ]
    },
    {
        "shared": [
            "newyorker.com",
            "vanityfair.com"
        ]
    },
    {
        "shared": [
            "nintendolife.com",
            "purexbox.com",
            "pushsquare.com"
        ]
    },
    {
        "shared": [
            "nokia.com",
            "alcatel-lucent.com",
            "nsn-rdnet.net",
            "nsn.com"
        ]
    },
    {
        "shared": [
            "norwegian.com",
            "norwegianreward.com"
        ]
    },
    {
        "shared": [
            "olo.com",
            "olo.express"
        ]
    },
    {
        "shared": [
            "pocket.com",
            "getpocket.com"
        ]
    },
    {
        "shared": [
            "probikeshop.fr",
            "bikeshop.es",
            "probikeshop.it",
            "probikeshop.pt",
            "probikeshop.com"
        ]
    },
    {
        "shared": [
            "qnap.com",
            "myqnapcloud.com"
        ]
    },
    {
        "shared": [
            "questdiagnostics.com",
            "care360.com"
        ]
    },
    {
        "shared": [
            "rocketaccount.com",
            "rocketmortgage.com"
        ]
    },
    {
        "shared": [
            "scholarshare529.com",
            "secureaccountview.com"
        ]
    },
    {
        "shared": [
            "scoutingevent.com",
            "campreservation.com"
        ]
    },
    {
        "shared": [
            "scribbr.com",
            "scribbr.de",
            "scribbr.dk",
            "scribbr.es",
            "scribbr.fi",
            "scribbr.fr",
            "scribbr.it",
            "scribbr.nl",
            "scribbr.no",
            "scribbr.se"
        ]
    },
    {
        "shared": [
            "seattle.bibliocommons.com",
            "spl.overdrive.com",
            "spl.org"
        ]
    },
    {
        "shared": [
            "sfpl.bibliocommons.com",
            "sfpl.overdrive.com"
        ]
    },
    {
        "shared": [
            "slcl.overdrive.com",
            "slcl.org"
        ]
    },
    {
        "shared": [
            "slpl.bibliocommons.com",
            "slpl.overdrive.com"
        ]
    },
    {
        "shared": [
            "sonyentertainmentnetwork.com",
            "sony.com"
        ]
    },
    {
        "shared": [
            "spark.net",
            "jdate.com"
        ]
    },
    {
        "shared": [
            "spirit.com",
            "spirit-airlines.com"
        ]
    },
    {
        "shared": [
            "springfield.overdrive.com",
            "coolcat.org"
        ]
    },
    {
        "shared": [
            "square.com",
            "squareup.com"
        ]
    },
    {
        "shared": [
            "stackoverflow.com",
            "askubuntu.com",
            "serverfault.com",
            "stackexchange.com",
            "superuser.com"
        ]
    },
    {
        "shared": [
            "telekom-dienste.de",
            "accounts.login.idm.telekom.com"
        ]
    },
    {
        "shared": [
            "tesla.com",
            "teslamotors.com"
        ]
    },
    {
        "shared": [
            "ticketmaster.com",
            "livenation.com"
        ]
    },
    {
        "shared": [
            "tp-link.com",
            "tplinkcloud.com"
        ]
    },
    {
        "shared": [
            "turkishairlines.com",
            "tkwifi.net",
            "thy.com"
        ]
    },
    {
        "shared": [
            "ubi.com",
            "ubisoft.com"
        ]
    },
    {
        "shared": [
            "umsystem.edu",
            "mst.edu",
            "umkc.edu",
            "umsl.edu",
            "missouri.edu"
        ]
    },
    {
        "shared": [
            "united.com",
            "unitedwifi.com"
        ]
    },
    {
        "shared": [
            "verizon.com",
            "verizonwireless.com",
            "vzw.com"
        ]
    },
    {
        "shared": [
            "wayfair.com",
            "wayfair.ca",
            "jossandmain.com",
            "allmodern.com",
            "perigold.com",
            "birchlane.com"
        ]
    },
    {
        "shared": [
            "wellsfargo.com",
            "wellsfargoadvisors.com"
        ]
    },
    {
        "shared": [
            "wiimmfi.de",
            "wii-homebrew.com"
        ]
    },
    {
        "shared": [
            "williams-sonoma.com",
            "markandgraham.com",
            "potterybarn.com",
            "westelm.com"
        ]
    },
    {
        "shared": [
            "wilson.com",
            "slugger.com",
            "atecsports.com",
            "demarini.com",
            "evoshield.com",
            "luxilon.com"
        ]
    },
    {
        "shared": [
            "worldlink.com.np",
            "nettv.com.np"
        ]
    },
    {
        "shared": [
            "wsj.com",
            "dowjones.com"
        ]
    },
    {
        "shared": [
            "zixmail.net",
            "zixmessagecenter.com"
        ]
    }
]
