[
    {
        "shared": [
            "3docean.net",
            "audiojungle.net",
            "codecanyon.net",
            "envato.com",
            "graphicriver.net",
            "photodune.net",
            "placeit.net",
            "themeforest.net",
            "tutsplus.com",
            "videohive.net"
        ]
    },
    {
        "from": [
            "a2hosting.com"
        ],
        "to": [
            "hosting.com"
        ]
    },
    {
        "shared": [
            "acmemarkets.com",
            "albertsons.com",
            "andronicos.com",
            "balduccis.com",
            "carrsqc.com",
            "haggen.com",
            "jewelosco.com",
            "kingsfoodmarkets.com",
            "pavilions.com",
            "randalls.com",
            "safeway.com",
            "shaws.com",
            "starmarket.com",
            "tomthumb.com",
            "vons.com"
        ]
    },
    {
        "shared": [
            "airbnb.com.ar",
            "airbnb.com.au",
            "airbnb.at",
            "airbnb.be",
            "airbnb.com.bz",
            "airbnb.com.bo",
            "airbnb.com.br",
            "airbnb.ca",
            "airbnb.cl",
            "airbnb.com.co",
            "airbnb.co.cr",
            "airbnb.cz",
            "airbnb.dk",
            "airbnb.com.ec",
            "airbnb.com.sv",
            "airbnb.fi",
            "airbnb.fr",
            "airbnb.de",
            "airbnb.gr",
            "airbnb.com.gt",
            "airbnb.gy",
            "airbnb.com.hn",
            "airbnb.com.hk",
            "airbnb.hu",
            "airbnb.is",
            "airbnb.co.in",
            "airbnb.co.id",
            "airbnb.ie",
            "airbnb.it",
            "airbnb.jp",
            "airbnb.com.my",
            "airbnb.com.mt",
            "airbnb.mx",
            "airbnb.nl",
            "airbnb.co.nz",
            "airbnb.com.ni",
            "airbnb.no",
            "airbnb.com.pa",
            "airbnb.com.py",
            "airbnb.com.pe",
            "airbnb.pl",
            "airbnb.pt",
            "airbnb.ru",
            "airbnb.com.sg",
            "airbnb.co.kr",
            "airbnb.es",
            "airbnb.se",
            "airbnb.ch",
            "airbnb.com.tw",
            "airbnb.com.tr",
            "airbnb.co.uk",
            "airbnb.com",
            "airbnb.co.ve"
        ]
    },
    {
        "shared": [
            "airnewzealand.co.nz",
            "airnewzealand.com",
            "airnewzealand.com.au"
        ]
    },
    {
        "shared": [
            "albertsonsmarket.com",
            "amigosunited.com",
            "marketstreetunited.com",
            "unitedsupermarkets.com"
        ]
    },
    {
        "shared": [
            "alelo.com.br",
            "meualelo.com.br"
        ]
    },
    {
        "shared": [
            "ana.co.jp",
            "astyle.jp"
        ]
    },
    {
        "from": [
            "angel.co"
        ],
        "to": [
            "wellfound.com"
        ],
        "fromDomainsAreObsoleted": true
    },
    {
        "shared": [
            "anthem.com",
            "sydneyhealth.com"
        ]
    },
    {
        "from": [
            "appannie.com"
        ],
        "to": [
            "data.ai"
        ],
        "fromDomainsAreObsoleted": true
    },
    {
        "shared": [
            "bgg.cc",
            "boardgamegeek.com",
            "rpggeek.com",
            "videogamegeek.com"
        ]
    },
    {
        "shared": [
            "candyrect.com",
            "nekochat.cn"
        ]
    },
    {
        "shared": [
            "centralfcu.org",
            "centralfcu.com"
        ]
    },
    {
        "shared": [
            "check24.at",
            "check24.com",
            "check24.de",
            "check24.es"
        ]
    },
    {
        "shared": [
            "coolblue.nl",
            "coolblue.be",
            "coolblue.de"
        ]
    },
    {
        "shared": [
            "dan.org",
            "diversalertnetwork.org"
        ]
    },
    {
        "from": [
            "digiromania.ro",
            "rcs-rds.ro"
        ],
        "to": [
            "digi.ro"
        ],
        "fromDomainsAreObsoleted": true
    },
    {
        "from": [
            "discordapp.com"
        ],
        "to": [
            "discord.com"
        ],
        "fromDomainsAreObsoleted": true
    },
    {
        "shared": [
            "discordmerch.com",
            "discord.store"
        ]
    },
    {
        "from": [
            "discovercard.com"
        ],
        "to": [
            "discover.com"
        ],
        "fromDomainsAreObsoleted": true
    },
    {
        "shared": [
            "disney.com",
            "disneyplus.com",
            "disneystore.com",
            "espn.com",
            "go.com",
            "hulu.com",
            "shopdisney.com"
        ]
    },
    {
        "shared": [
            "dnt.abine.com",
            "ironvest.com"
        ]
    },
    {
        "from": [
            "dq.com"
        ],
        "to": [
            "dairyqueen.com"
        ],
        "fromDomainsAreObsoleted": true
    },
    {
        "shared": [
            "drivethrucards.com",
            "drivethrucomics.com",
            "drivethrufiction.com",
            "drivethrurpg.com",
            "dmsguild.com",
            "pathfinderinfinite.com",
            "storytellersvault.com",
            "wargamevault.com"
        ]
    },
    {
        "shared": [
            "ebay.at",
            "ebay.be",
            "ebay.ca",
            "ebay.ch",
            "ebay.cn",
            "ebay.co.th",
            "ebay.co.uk",
            "ebay.com",
            "ebay.com.au",
            "ebay.com.hk",
            "ebay.com.my",
            "ebay.com.sg",
            "ebay.com.tw",
            "ebay.de",
            "ebay.es",
            "ebay.fr",
            "ebay.ie",
            "ebay.it",
            "ebay.nl",
            "ebay.ph",
            "ebay.pl",
            "ebay.vn"
        ]
    },
    {
        "shared": [
            "epicgames.com",
            "fortnite.com",
            "twinmotion.com",
            "unrealengine.com"
        ]
    },
    {
        "shared": [
            "eventbrite.at",
            "eventbrite.be",
            "eventbrite.ca",
            "eventbrite.ch",
            "eventbrite.cl",
            "eventbrite.co",
            "eventbrite.com",
            "eventbrite.de",
            "eventbrite.dk",
            "eventbrite.es",
            "eventbrite.fi",
            "eventbrite.fr",
            "eventbrite.hk",
            "eventbrite.ie",
            "eventbrite.in",
            "eventbrite.it",
            "eventbrite.my",
            "eventbrite.nl",
            "eventbrite.ph",
            "eventbrite.pt",
            "eventbrite.se",
            "eventbrite.sg"
        ]
    },
    {
        "from": [
            "fancourier.ro"
        ],
        "to": [
            "selfawb.ro"
        ],
        "fromDomainsAreObsoleted": true
    },
    {
        "from": [
            "flyblade.com"
        ],
        "to": [
            "blade.com"
        ],
        "fromDomainsAreObsoleted": true
    },
        {
        "from": [
            "gamefaqs.com"
        ],
        "to": [
            "gamefaqs.gamespot.com"
        ],
        "fromDomainsAreObsoleted": true
    },
    {
        "from": [
            "gamepedia.com",
            "wikia.com",
            "wikia.org",
            "wikicities.com"
        ],
        "to": [
            "fandom.com"
        ],
        "fromDomainsAreObsoleted": true
    },
    {
        "from": [
            "gazduire.com.ro",
            "gazduire.net"
        ],
        "to": [
            "admin.ro"
        ],
        "fromDomainsAreObsoleted": true
    },
    {
        "from": [
            "hawaiianairlines.com"
        ],
        "to": [
            "alaskaair.com"
        ],
        "fromDomainsAreObsoleted": true
    },
    {
        "from": [
            "hbo.com",
            "hbomax.com",
            "hbonow.com"
        ],
        "to": [
            "max.com"
        ],
        "fromDomainsAreObsoleted": true
    },
    {
        "from": [
            "heroku.com"
        ],
        "to": [
            "verify.salesforce.com"
        ]
    },
    {
        "from": [
            "ing.de"
        ],
        "to": [
            "ing.com"
        ]
    },
    {
        "shared": [
            "instagram.com",
            "threads.net",
            "threads.com"
        ]
    },
    {
        "from": [
            "keypointcu.com"
        ],
        "to": [
            "kpcu.com"
        ],
        "fromDomainsAreObsoleted": true
    },
    {
        "shared": [
            "koboldpress.com",
            "labyrinth.talesofthevaliant.com"
        ]
    },
    {
        "from": [
            "letsdeel.com"
        ],
        "to": [
            "deel.com"
        ],
        "fromDomainsAreObsoleted": true
    },
    {
        "shared": [
            "login.airfrance.com",
            "login.flyingblue.com",
            "login.klm.com"
        ]
    },
    {
        "shared": [
            "lrz.de",
            "mwn.de",
            "mytum.de",
            "tum.de",
            "tum.edu"
        ]
    },
    {
        "from": [
            "mercadolibre.cl",
            "mercadolibre.co.cr",
            "mercadolibre.com.ar",
            "mercadolibre.com.bo",
            "mercadolibre.com.co",
            "mercadolibre.com.do",
            "mercadolibre.com.ec",
            "mercadolibre.com.gt",
            "mercadolibre.com.hn",
            "mercadolibre.com.mx",
            "mercadolibre.com.ni",
            "mercadolibre.com.pa",
            "mercadolibre.com.pe",
            "mercadolibre.com.py",
            "mercadolibre.com.sv",
            "mercadolibre.com.uy",
            "mercadolibre.com.ve",
            "mercadopago.cl",
            "mercadopago.com.ar",
            "mercadopago.com.co",
            "mercadopago.com.ec",
            "mercadopago.com.mx",
            "mercadopago.com.pe",
            "mercadopago.com.uy",
            "mercadopago.com.ve"
        ],
        "to": [
            "mercadolibre.com"
        ],
        "fromDomainsAreObsoleted": true
    },
    {
        "from": [
            "mercadolivre.com.br",
            "mercadopago.com.br"
        ],
        "to": [
            "mercadolivre.com"
        ],
        "fromDomainsAreObsoleted": true
    },
    {
        "shared": [
            "monarch.com",
            "monarchmoney.com"
        ]
    },
    {
        "from": [
            "moneybird.nl",
            "moneybird.de"
        ],
        "to": [
            "moneybird.com"
        ],
        "fromDomainsAreObsoleted": true
    },
    {
        "from": [
            "nebula.app",
            "watchnebula.com"
        ],
        "to": [
            "nebula.tv"
        ],
        "fromDomainsAreObsoleted": true
    },
    {
        "from": [
            "nextinpact.com"
        ],
        "to": [
            "next.ink"
        ],
        "fromDomainsAreObsoleted": true
    },
    {
        "from": [
            "nordvpn.com",
            "nordpass.com"
        ],
        "to": [
            "nordaccount.com"
        ]
    },
    {
        "from": [
            "overstock.com"
        ],
        "to": [
            "bedbathandbeyond.com"
        ]
    },
    {
        "shared": [
            "padmapper.com",
            "zumper.com",
            "zumperrentals.com"
        ]
    },
    {
        "from": [
            "parkmobile.us"
        ],
        "to": [
            "parkmobile.io"
        ],
        "fromDomainsAreObsoleted": true
    },
    {
        "shared": [
            "pinterest.com",
            "pinterest.ca",
            "pinterest.co.uk",
            "pinterest.fr",
            "pinterest.de",
            "pinterest.es",
            "pinterest.com.au",
            "pinterest.se",
            "pinterest.ph",
            "pinterest.ch",
            "pinterest.com.mx",
            "pinterest.dk",
            "pinterest.pt",
            "pinterest.ru",
            "pinterest.it",
            "pinterest.at",
            "pinterest.jp",
            "pinterest.cl",
            "pinterest.ie",
            "pinterest.co.kr",
            "pinterest.nz"
        ]
    },
    {
        "shared": [
            "postnl.nl",
            "postnl.be"
        ]
    },
    {
        "shared": [
            "pretendo.network",
            "pretendo.cc"
        ]
    },
    {
        "shared": [
            "proton.me",
            "protonvpn.com",
            "protonmail.ch",
            "protonmail.com"
        ]
    },
    {
        "shared": [
            "quicken.com",
            "simplifimoney.com"
        ]
    },
    {
        "from": [
            "raywenderlich.com"
        ],
        "to": [
            "kodeco.com"
        ],
        "fromDomainsAreObsoleted": true
    },
    {
        "shared": [
            "redis.com",
            "redislabs.com"
        ]
    },
    {
        "shared": [
            "rekordbox.com",
            "pioneerdj.com",
            "community.pioneerdj.com"
        ]
    },
    {
        "shared": [
            "s.activision.com",
            "profile.callofduty.com"
        ]
    },
    {
        "from": [
            "scottscheapflights.com"
        ],
        "to": [
            "going.com"
        ],
        "fromDomainsAreObsoleted": true
    },
    {
        "shared": [
            "steampowered.com",
            "steamcommunity.com",
            "steamgames.com"
        ]
    },
    {
        "shared": [
            "taxhawk.com",
            "freetaxusa.com",
            "express1040.com"
        ]
    },
    {
        "from": [
            "telegram.me"
        ],
        "to": [
            "telegram.org"
        ],
        "fromDomainsAreObsoleted": false
    },
    {
        "shared": [
            "ting.com",
            "tingmobile.com"
        ]
    },
    {
        "from": [
            "transferwise.com"
        ],
        "to": [
            "wise.com"
        ],
        "fromDomainsAreObsoleted": true
    },
    {
        "from": [
            "tvnow.de",
            "tvnow.at",
            "tvnow.ch"
        ],
        "to": [
            "auth.rtl.de",
            "rtlplus.de",
            "rtlplus.com"
        ],
        "fromDomainsAreObsoleted": false
    },
    {
        "from": [
            "twitter.com"
        ],
        "to": [
            "x.com"
        ],
        "fromDomainsAreObsoleted": true
    },
    {
        "shared": [
            "uspowerboating.com",
            "ussailing.org"
        ]
    },
    {
        "from": [
            "wacom.eu"
        ],
        "to": [
            "wacom.com"
        ],
        "fromDomainsAreObsoleted": true
    },
    {
        "shared": [
            "wikipedia.org",
            "mediawiki.org",
            "wikibooks.org",
            "wikidata.org",
            "wikinews.org",
            "wikiquote.org",
            "wikisource.org",
            "wikiversity.org",
            "wikivoyage.org",
            "wiktionary.org",
            "commons.wikimedia.org",
            "meta.wikimedia.org",
            "incubator.wikimedia.org",
            "outreach.wikimedia.org",
            "species.wikimedia.org",
            "wikimania.wikimedia.org",
            "auth.wikimedia.org"
        ]
    },
    {
        "from": [
            "www.seek.com.au",
            "www.seek.co.nz",
            "jobsdb.com",
            "hk.jobsdb.com",
            "sg.jobsdb.com",
            "th.jobsdb.com",
            "jobstreet.com",
            "myjobstreet.jobstreet.co.id",
            "myjobstreet.jobstreet.com.my",
            "myjobstreet.jobstreet.com.ph",
            "myjobstreet.jobstreet.com.sg"
        ],
        "to": [
            "login.seek.com"
        ]
    },
    {
        "from": [
            "www.vistaprint.ca"
        ],
        "to": [
            "account.vistaprint.com"
        ],
        "fromDomainsAreObsoleted": true
    },
    {
        "from": [
            "youneedabudget.com"
        ],
        "to": [
            "ynab.com"
        ],
        "fromDomainsAreObsoleted": true
    }
]
